target,prediction
0.0,0.3770830756545043
0.0,0.2622814876076558
0.0,0.00718292023448617
0.0,0.3817788777150115
1.0,0.3736877478556295
0.0,0.14088866163449287
0.0,0.24001952565369356
1.0,0.440661370434673
0.0,0.49762604644720426
0.0,0.36343828437052167
0.0,0.316693022077169
1.0,0.31892365593589167
0.0,0.5502485829250193
0.0,0.30420855881607395
1.0,0.2633509574790421
0.0,0.00791042636388425
0.0,0.4614352862667972
0.0,0.35919230711644135
0.0,0.3417229865850128
0.0,0.27686563991470886
0.0,0.00718292023448617
0.0,0.33697325633259567
0.0,0.348844778151941
1.0,0.3600404897403631
1.0,0.37964020751522054
1.0,0.43328168563462677
1.0,0.31423216858871417
0.0,0.10272294814269926
0.0,0.3204856878877487
0.0,0.00791042636388425
1.0,0.31594675034621583
0.0,0.1261948669971399
0.0,0.007876048087817797
0.0,0.005853023584435859
0.0,0.35303506202233986
1.0,0.4371493550478314
1.0,0.37609933982629395
0.0,0.35480616452674885
1.0,0.4740534070129888
0.0,0.00791042636388425
1.0,0.4645951782130983
1.0,0.3510745728705086
0.0,0.31995773620001156
0.0,0.44115803678731697
0.0,0.39100453842068394
1.0,0.34817207921761967
0.0,0.004809998979763304
0.0,0.2848685926138311
0.0,0.409189386314772
0.0,0.37922997836713074
0.0,0.3204820817673385
0.0,0.4988675231403128
1.0,0.4741616278927541
0.0,0.43328168563462677
0.0,0.3734455853159148
1.0,0.5174213095420552
1.0,0.4481901719662753
1.0,0.4902000613522749
0.0,0.3238231443412191
0.0,0.00791042636388425
0.0,0.00791042636388425
1.0,0.35211715644980596
0.0,0.38859515072340955
0.0,0.00791042636388425
0.0,0.22426700827959412
0.0,0.42424748394693745
0.0,0.37370171524860896
0.0,0.3042342833344592
1.0,0.40807786911251265
1.0,0.42424748394693745
1.0,0.2669570020664515
0.0,0.3672685794761237
1.0,0.5025145032576983
1.0,0.4944160176014384
0.0,0.004809998979763304
1.0,0.37627717348813283
0.0,0.3678379785735676
0.0,0.340930526883656
1.0,0.2504748356626905
0.0,0.03581529132564227
1.0,0.5037232229780197
0.0,0.07260682618537564
0.0,0.005853023584435859
1.0,0.3425356776515853
0.0,0.40166151190552407
0.0,0.3391847943964627
0.0,0.32206402351109853
0.0,0.00718292023448617
1.0,0.23021460519236536
0.0,0.005853023584435859
0.0,0.35961334044619725
0.0,0.2692003046068801
0.0,0.004809998979763304
0.0,0.3744826895087834
0.0,0.30827913010091573
0.0,0.21168610793732254
1.0,0.4082926035314838
1.0,0.4733758693381166
0.0,0.310241322238547
0.0,0.30005617524275774
0.0,0.004809998979763304
0.0,0.3077281663999825
0.0,0.2607433827260943
0.0,0.24893497297924272
0.0,0.007318605444798244
0.0,0.5252181196987835
1.0,0.43328168563462677
0.0,0.41092118744888595
1.0,0.43328168563462677
1.0,0.4159824704513454
1.0,0.5233346909204295
1.0,0.32030642043746166
0.0,0.3364163040495631
0.0,0.6133806249534471
0.0,0.392730551891913
0.0,0.23246230482380814
0.0,0.33619349183880676
0.0,0.3703633489449105
0.0,0.5471573742686279
1.0,0.17728699086305888
0.0,0.3943210027011548
0.0,0.36095424928614334
1.0,0.25584912222538353
0.0,0.2268981698648508
1.0,0.45232822082136515
0.0,0.5046079905433963
1.0,0.42721729456509816
0.0,0.007876048087817797
0.0,0.2717938173019292
0.0,0.3691828821080991
0.0,0.5047078342885322
1.0,0.3855430376070148
0.0,0.007876048087817797
0.0,0.2896296013146924
1.0,0.3232748371280092
1.0,0.5492668930444832
0.0,0.42768041898777065
0.0,0.28819226214725524
0.0,0.4004389567827688
0.0,0.450218533006872
0.0,0.3703633489449105
1.0,0.3950900508789862
0.0,0.00718292023448617
1.0,0.2446884366724598
0.0,0.2931278343453095
0.0,0.3704445340205291
1.0,0.28548519840703557
1.0,0.24695656984066808
1.0,0.4337479577310065
1.0,0.3188417369843033
1.0,0.4118530609967074
0.0,0.004809998979763304
0.0,0.5680759921862157
0.0,0.4877666460035622
0.0,0.20049034884168848
0.0,0.22576991751917083
0.0,0.31257357046234824
0.0,0.2705138915209608
0.0,0.28526406405754856
0.0,0.27459356358236486
1.0,0.36540897991889204
1.0,0.491276254739082
0.0,0.40087578781162025
0.0,0.333457320767146
0.0,0.43328168563462677
1.0,0.4207564707110345
0.0,0.41092118744888595
0.0,0.007876048087817797
0.0,0.22811145507731162
0.0,0.255478191902077
0.0,0.2529698899492148
1.0,0.47920064132138696
0.0,0.005853023584435859
0.0,0.007876048087817797
0.0,0.4688115062369103
0.0,0.37177024233826855
0.0,0.38915509932465636
0.0,0.007876048087817797
0.0,0.41092118744888595
0.0,0.07541319237719926
0.0,0.2818415039582183
0.0,0.2509382808564464
0.0,0.1942182883728108
0.0,0.1979234236267635
1.0,0.46409586185222346
1.0,0.34442719545209727
0.0,0.4184314416761943
0.0,0.4148643941327867
0.0,0.3026823756086486
0.0,0.37879220531990376
0.0,0.007876048087817797
0.0,0.3101432082473544
0.0,0.35551738425070384
0.0,0.00791042636388425
0.0,0.22478978315991432
0.0,0.25057468203506916
0.0,0.007876048087817797
0.0,0.005853023584435859
1.0,0.4112436383421589
0.0,0.31760327009859335
1.0,0.13567332561710305
1.0,0.45253832848431996
0.0,0.007876048087817797
0.0,0.4389600707393782
0.0,0.14146730062011284
0.0,0.13331600474001987
0.0,0.004809998979763304
0.0,0.004809998979763304
1.0,0.30703415095972314
1.0,0.5487843292590996
1.0,0.2890996304036456
1.0,0.33791241369078057
0.0,0.20267596369586566
0.0,0.20867031515805123
0.0,0.24590742999902404
0.0,0.30446539816258317
1.0,0.3772131031625064
1.0,0.35385428584873924
0.0,0.2774277227222631
0.0,0.5336872081699136
0.0,0.33163729542593706
1.0,0.45874644766018574
0.0,0.08900632948451626
1.0,0.3379057121630662
0.0,0.39012990118681706
1.0,0.6968263585989433
0.0,0.2584722222222222
0.0,0.38685873050978653
0.0,0.5160614077280744
0.0,0.1970674116257687
1.0,0.43356047801689823
0.0,0.4667379650893121
0.0,0.3688531805710289
0.0,0.40967680734742556
0.0,0.5109036283722344
1.0,0.3053784207444154
0.0,0.1955579684119447
1.0,0.4786904185654231
1.0,0.495901828744966
1.0,0.4687654571040504
0.0,0.00791042636388425
0.0,0.2964650082707406
1.0,0.46128342245989307
1.0,0.4280563787808623
1.0,0.36701144126254065
0.0,0.47930611547765506
0.0,0.2700430401688722
1.0,0.21779226756496828
1.0,0.30416977711124593
1.0,0.5370177389785233
0.0,0.4011527035056447
0.0,0.3840622846705456
0.0,0.33786266167772894
1.0,0.34013172805558933
1.0,0.4352061603388828
0.0,0.2698861289077358
0.0,0.5356207283676799
1.0,0.4118530609967074
0.0,0.22868817759042515
0.0,0.4937556457971598
1.0,0.36868720389319337
1.0,0.3817551134657109
0.0,0.004809998979763304
0.0,0.41351157141357453
0.0,0.45637982827812823
0.0,0.32990764369405684
0.0,0.265027814323258
0.0,0.25953742281566294
0.0,0.4118530609967074
0.0,0.38552859138679507
0.0,0.5115896351709149
0.0,0.1788100099490996
0.0,0.2840286396538248
0.0,0.3565120064977819
0.0,0.33956640781177355
0.0,0.1788100099490996
0.0,0.00791042636388425
0.0,0.007876048087817797
0.0,0.008312600060660742
0.0,0.008176914850348667
0.0,0.42390445004593746
0.0,0.33802141114732365
1.0,0.2844204804439025
0.0,0.38562668317209664
0.0,0.1788374788329129
1.0,0.5606445186096617
0.0,0.004809998979763304
1.0,0.22868817759042515
0.0,0.37879220531990376
0.0,0.00791042636388425
0.0,0.19820285817690955
0.0,0.3071970977697069
0.0,0.42364684350831827
0.0,0.3557618678226704
0.0,0.004809998979763304
0.0,0.47920064132138696
1.0,0.10576639220877963
0.0,0.3334866535556414
0.0,0.1690477412632306
0.0,0.6254614922325787
0.0,0.40538589615161996
0.0,0.2467703586114098
0.0,0.39101527636650424
0.0,0.2871903221502821
1.0,0.5144578509378415
1.0,0.2856793658537041
0.0,0.004809998979763304
0.0,0.26110695965979525
0.0,0.00718292023448617
1.0,0.41194823638852923
0.0,0.24620426972259116
1.0,0.483986983664405
0.0,0.1112821895902558
0.0,0.19415280405003296
0.0,0.004809998979763304
0.0,0.008312600060660742
1.0,0.39043283853713473
0.0,0.3697562379028319
1.0,0.495901828744966
0.0,0.5427062849263894
1.0,0.25057468203506916
1.0,0.3658892420864713
0.0,0.34468904520859556
0.0,0.37283453384770976
0.0,0.26954981979014897
0.0,0.40420461697564963
1.0,0.4365232221464071
0.0,0.008135167161965296
0.0,0.3854219388058563
0.0,0.4730303430630192
1.0,0.31411236230306805
1.0,0.4937575149185452
1.0,0.3410622928017798
1.0,0.4786004494107625
0.0,0.008691676363884248
0.0,0.004809998979763304
0.0,0.4226901054113547
0.0,0.007318605444798244
0.0,0.42424748394693745
0.0,0.14431478666495104
0.0,0.25862605994043014
0.0,0.008176914850348667
0.0,0.3117827931299991
0.0,0.11234024882408077
0.0,0.4781821407297044
1.0,0.42074619855593376
0.0,0.24964611789093805
1.0,0.3604314082809895
0.0,0.3994892491367675
0.0,0.47243632508736594
1.0,0.4590825032572605
1.0,0.44647146728178033
0.0,0.3830092700906889
1.0,0.43446633796242645
0.0,0.3673782292099168
0.0,0.32128236592394693
0.0,0.41221743039622905
0.0,0.3004264759509402
1.0,0.49137896164162354
0.0,0.004809998979763304
0.0,0.005853023584435859
0.0,0.047898110306365184
0.0,0.27942248959745136
0.0,0.3171354560285847
0.0,0.3142926449511037
0.0,0.2998462787947638
0.0,0.19827143624863852
0.0,0.40301846277828357
0.0,0.4509258342688088
0.0,0.36037389110962875
0.0,0.005853023584435859
0.0,0.40538589615161996
0.0,0.23442640244389784
1.0,0.3502663151215546
0.0,0.4317169711785418
0.0,0.2812926088103406
0.0,0.336113601345107
1.0,0.4014829274365974
0.0,0.40313852839510034
0.0,0.35351714200458834
1.0,0.17340196025214488
0.0,0.3915171950987567
0.0,0.008176914850348667
0.0,0.2745073857616186
0.0,0.004809998979763304
0.0,0.2687513554206873
0.0,0.21220287880038807
0.0,0.3923201020195556
0.0,0.046035829075952626
1.0,0.40486872420850056
1.0,0.4020736351202366
0.0,0.23719968726218327
0.0,0.004809998979763304
0.0,0.30539374763767324
0.0,0.2614389034673382
0.0,0.29598838721842186
1.0,0.42162154493994863
0.0,0.4679000919196997
1.0,0.41105959870418557
0.0,0.004809998979763304
0.0,0.3353411975487417
0.0,0.4130521509543916
1.0,0.41092118744888595
0.0,0.10792771742452523
1.0,0.44398204312568956
0.0,0.00718292023448617
1.0,0.44225876077286097
0.0,0.19800614636080935
0.0,0.2812926088103406
0.0,0.004809998979763304
0.0,0.4212616395411829
0.0,0.37157214395159616
1.0,0.37516423989812686
1.0,0.3178442286568756
0.0,0.4011527035056447
1.0,0.34694256940472007
0.0,0.39154689120057
1.0,0.3393537263749335
0.0,0.004809998979763304
0.0,0.33826909736560096
1.0,0.20167128861438674
1.0,0.19959082498685238
0.0,0.4604147088762991
0.0,0.06053532114523072
0.0,0.41252858780596846
0.0,0.37378870795959673
0.0,0.5551461855436834
0.0,0.38509434898874717
1.0,0.27019093624359375
0.0,0.00823492274857641
1.0,0.1794326508568217
0.0,0.44647146728178033
0.0,0.2903011894859825
1.0,0.2975325016132924
0.0,0.00791042636388425
1.0,0.37371215090547566
0.0,0.2844204804439025
0.0,0.33852999186683125
0.0,0.13955748690176878
0.0,0.47699917985154316
0.0,0.2980655815080254
0.0,0.005853023584435859
0.0,0.4481011531570396
0.0,0.39009795832948463
1.0,0.3168196851699169
1.0,0.3529761432622318
0.0,0.31522671192885166
1.0,0.5089241558887928
0.0,0.3395760975664935
1.0,0.5065729074015047
1.0,0.5006042083876958
0.0,0.01337182057691706
1.0,0.3819293971433002
0.0,0.004809998979763304
1.0,0.35343012371142124
0.0,0.41928342128295176
0.0,0.45362674532503
0.0,0.24762350934223898
1.0,0.4362288737375205
1.0,0.4854366358846603
0.0,0.005853023584435859
0.0,0.42162154493994863
1.0,0.3280453695992605
0.0,0.00791042636388425
0.0,0.3510082547649424
0.0,0.3642216737227859
1.0,0.4819910105707484
1.0,0.4357809092479556
0.0,0.3388182900318406
0.0,0.4072733541109276
0.0,0.3071195175258173
1.0,0.3577016957344826
0.0,0.4928073235802847
1.0,0.18677040481571355
0.0,0.27153262233558206
0.0,0.48769484657396794
0.0,0.33388248179176716
0.0,0.3186063761616227
0.0,0.008176914850348667
0.0,0.35442885171570476
1.0,0.4562846483455948
0.0,0.27055989866937014
0.0,0.28099439045156305
0.0,0.3421813575382126
0.0,0.005853023584435859
0.0,0.005853023584435859
0.0,0.2574745493870409
0.0,0.28582019317075397
0.0,0.35793625008228147
0.0,0.3113393914583522
1.0,0.47283699701004644
0.0,0.3924531214192795
0.0,0.43301412554706703
0.0,0.3692253215782627
1.0,0.49341240458887514
0.0,0.3844490251151895
0.0,0.007876048087817797
0.0,0.40081375208505693
1.0,0.29814110383529774
0.0,0.3807944391615078
1.0,0.4958759338509939
0.0,0.00791042636388425
0.0,0.32969692863537664
0.0,0.00791042636388425
0.0,0.005853023584435859
0.0,0.25057468203506916
1.0,0.3405773039700806
0.0,0.007876048087817797
0.0,0.37308677854624256
0.0,0.1655677199213786
0.0,0.42353485968623356
0.0,0.008176914850348667
1.0,0.5136903197404321
0.0,0.45988838301218415
0.0,0.15756949341036597
0.0,0.3770830756545043
0.0,0.3202056084804628
0.0,0.45108729422983207
0.0,0.49711489092316496
1.0,0.3234088963676845
0.0,0.32744947759359455
0.0,0.008176914850348667
1.0,0.3414604940191698
0.0,0.4138985685868633
1.0,0.12896992451507
1.0,0.3073376221352914
1.0,0.3353411975487417
1.0,0.261788344263975
0.0,0.43650561213868017
0.0,0.296369359466757
0.0,0.00791042636388425
0.0,0.4300849989502263
1.0,0.3399261802664668
0.0,0.32482552205549564
0.0,0.4285459063020575
0.0,0.07057334564034559
0.0,0.3073364304496358
0.0,0.46987545942598147
0.0,0.029809405425456837
1.0,0.3979694482100991
1.0,0.030046025157212074
1.0,0.4367865127790856
0.0,0.00791042636388425
0.0,0.43577110979071765
0.0,0.2806305173457994
0.0,0.28009051370196825
0.0,0.20823596232156058
0.0,0.5347159193921027
0.0,0.005853023584435859
1.0,0.5530519814184253
1.0,0.5160614077280744
0.0,0.376604824067626
0.0,0.49341240458887514
1.0,0.2844204804439025
0.0,0.21890841732369534
0.0,0.42390445004593746
0.0,0.29739766575292587
0.0,0.00718292023448617
0.0,0.4243789566028288
0.0,0.04999613855007336
0.0,0.3056215058356794
0.0,0.34871010979228856
0.0,0.00791042636388425
1.0,0.345636252812335
0.0,0.008291989648967768
1.0,0.35495725885529406
1.0,0.44647146728178033
0.0,0.005853023584435859
0.0,0.4115657325644733
1.0,0.3089058416835402
1.0,0.47324503981506405
0.0,0.2570039500763654
0.0,0.3441110283881086
0.0,0.40997005480983095
0.0,0.23490572035661
1.0,0.37879220531990376
0.0,0.2634830803929864
0.0,0.3655582348127939
0.0,0.2783992729125829
0.0,0.33823436681592844
0.0,0.00718292023448617
0.0,0.4344047560575892
0.0,0.25634896180122496
1.0,0.3838304259368067
1.0,0.3263598258497893
1.0,0.20731295530318383
1.0,0.440459416376455
0.0,0.30630698488854646
1.0,0.3983931259232426
0.0,0.35172131671491763
1.0,0.43387736610252287
0.0,0.3289616906587096
1.0,0.29431191961830144
0.0,0.007876048087817797
0.0,0.23223205527137336
1.0,0.28251002504758843
0.0,0.16084181778917292
0.0,0.00791042636388425
1.0,0.32815236475439113
1.0,0.6057214370010078
0.0,0.39342232630657936
0.0,0.3433588575860673
0.0,0.440994553863805
0.0,0.36002843254547257
0.0,0.005853023584435859
0.0,0.14702625809670192
0.0,0.4268847179803713
0.0,0.4712917089144591
0.0,0.32473203029532777
0.0,0.4350554781189944
0.0,0.2610455381010528
0.0,0.40011672004741017
0.0,0.44647146728178033
1.0,0.3848698513753289
1.0,0.22863873091749282
0.0,0.2939593792720203
0.0,0.3113032739669488
0.0,0.41948213616672597
0.0,0.007876048087817797
0.0,0.385010331441933
0.0,0.3098437814983624
1.0,0.37806434068772776
0.0,0.005853023584435859
0.0,0.15531035771835108
0.0,0.17263140884756337
0.0,0.1718060641083061
0.0,0.4914747370624688
0.0,0.2955561595045685
0.0,0.4648278927500312
0.0,0.4786004494107625
0.0,0.35763117413845047
1.0,0.24710098358121857
0.0,0.2280411393207979
0.0,0.4138421418819095
0.0,0.29882822783440954
1.0,0.35697165755318105
1.0,0.34722206895951174
0.0,0.47228190525584496
0.0,0.3789407257155736
0.0,0.44507838025039276
0.0,0.00718292023448617
1.0,0.4323197618024347
0.0,0.39358259610906837
0.0,0.3748364600546802
0.0,0.37890195431826657
0.0,0.00791042636388425
1.0,0.485199884810576
0.0,0.35590834182164033
0.0,0.2984412539771462
0.0,0.31773738245888045
0.0,0.46397444681758404
0.0,0.007876048087817797
0.0,0.09993509091210319
1.0,0.46147748150943907
0.0,0.5365575761704804
0.0,0.33351788103892827
0.0,0.3286674830742874
1.0,0.4746848230167088
1.0,0.45260186616681786
1.0,0.315629925353353
0.0,0.17518090718112472
0.0,0.1990303748977836
0.0,0.242520849900699
0.0,0.3603395166008303
0.0,0.41092118744888595
0.0,0.4145156587404072
0.0,0.3802790192171502
1.0,0.25688785882737497
0.0,0.28285591304906876
0.0,0.005853023584435859
0.0,0.29380513375318795
1.0,0.4009802659516892
1.0,0.46736464746180384
1.0,0.4988338027733243
1.0,0.3858971914931576
0.0,0.008312600060660742
1.0,0.3642425352802129
1.0,0.46742706993332817
0.0,0.32488792442686776
1.0,0.3136976058157487
0.0,0.13068240191039676
0.0,0.007876048087817797
0.0,0.3583224599685182
0.0,0.00791042636388425
1.0,0.36696971970806147
0.0,0.2355804189843373
0.0,0.28484197188933985
0.0,0.3699414988763067
0.0,0.008691676363884248
1.0,0.3609861133562212
0.0,0.2844204804439025
1.0,0.48169006547747784
0.0,0.4236812559633058
0.0,0.256565332098119
0.0,0.023281715664746044
1.0,0.5743511780213173
0.0,0.23611517018037187
0.0,0.28425206171743145
0.0,0.3343558250365367
1.0,0.4474624049713915
0.0,0.33823436681592844
0.0,0.2648027273737334
1.0,0.3020308935446245
1.0,0.42557985401005133
0.0,0.3974460333806209
1.0,0.4118530609967074
0.0,0.3692253215782627
0.0,0.31660985954131166
0.0,0.29591503369165023
0.0,0.28324372498683237
1.0,0.36676854894018834
0.0,0.47024003231460537
0.0,0.00791042636388425
0.0,0.007876048087817797
0.0,0.41080724188393813
1.0,0.4173261168934664
1.0,0.33852999186683125
0.0,0.22733333624398103
0.0,0.343102278329969
0.0,0.007876048087817797
1.0,0.4590825032572605
0.0,0.3366172746033169
0.0,0.3214334805429749
0.0,0.3254413250270417
1.0,0.4015439518601966
0.0,0.3468648233925219
1.0,0.3387997732143755
0.0,0.00718292023448617
1.0,0.42162154493994863
0.0,0.022602237569042637
1.0,0.45929814249054807
0.0,0.3896419334678993
0.0,0.3203835328488718
1.0,0.31257357046234824
1.0,0.12775599257859518
1.0,0.3188928595976685
0.0,0.377127605403786
0.0,0.3353411975487417
1.0,0.47926088230151487
0.0,0.3974460333806209
0.0,0.00791042636388425
1.0,0.22407978063222753
1.0,0.29599748775708007
0.0,0.3079085873214314
0.0,0.403567514293071
0.0,0.42352407600471836
0.0,0.37879220531990376
1.0,0.42162154493994863
1.0,0.3210767037442684
0.0,0.3703633489449105
0.0,0.2837598816067637
0.0,0.46795619029796737
1.0,0.3433635394762896
0.0,0.008176914850348667
0.0,0.3013258144653116
0.0,0.2844204804439025
0.0,0.32014131764891646
0.0,0.36969118641499393
1.0,0.39850145799830305
1.0,0.12702367485228863
0.0,0.4827695739351491
0.0,0.43577110979071765
0.0,0.2674905283104006
0.0,0.004809998979763304
1.0,0.41099131115696774
1.0,0.41805702286090424
1.0,0.29024589562787667
0.0,0.009596795383786327
0.0,0.28723704313515397
0.0,0.2642632167454336
1.0,0.30972911480792253
0.0,0.3261762649119945
0.0,0.48403516900018584
0.0,0.4430356328251466
1.0,0.40979614455083063
0.0,0.47288116659198426
0.0,0.005853023584435859
0.0,0.39780449466843004
0.0,0.29437953889284885
0.0,0.008157152004498864
1.0,0.4470716591924049
1.0,0.48513595584477354
0.0,0.10118005082996906
0.0,0.2584722222222222
0.0,0.2783992729125829
1.0,0.3428034014610801
0.0,0.17131568457816848
0.0,0.004809998979763304
1.0,0.45727374407354865
0.0,0.007876048087817797
1.0,0.4733470391723526
0.0,0.3788155901669103
1.0,0.4213625577267774
0.0,0.3468648233925219
0.0,0.42855456573436435
1.0,0.3933617674558291
0.0,0.43630063891514925
0.0,0.3613486730792852
0.0,0.3711824851845351
1.0,0.43328168563462677
1.0,0.38650660621393945
1.0,0.2932496415161297
0.0,0.3987559460815557
0.0,0.2844204804439025
1.0,0.3140200256995573
1.0,0.38019543448285575
0.0,0.33991913984752314
1.0,0.22868817759042515
0.0,0.22868817759042515
0.0,0.44446976766821106
0.0,0.4118530609967074
0.0,0.26399719532322713
1.0,0.4022352274109351
0.0,0.4346048075370002
0.0,0.15766689148910443
0.0,0.2832959925774434
0.0,0.2828443296875535
0.0,0.23528791029550922
0.0,0.12021692001328332
0.0,0.2798800032528362
0.0,0.4954119900532121
0.0,0.004809998979763304
0.0,0.00791042636388425
0.0,0.40665546373844574
0.0,0.3141199107475184
0.0,0.4569480481025781
1.0,0.3122465420926498
0.0,0.3580751768122125
0.0,0.24961880451193727
0.0,0.26307204151473007
0.0,0.022585324409689692
0.0,0.26518692308987973
1.0,0.45088998613481096
0.0,0.36940837888958494
1.0,0.4864516203937896
1.0,0.5370129523453344
0.0,0.3943509993461961
0.0,0.004809998979763304
0.0,0.27337095222301155
0.0,0.2662929134127178
0.0,0.007876048087817797
0.0,0.4499489060010775
0.0,0.38532890712321677
1.0,0.4860834158330046
0.0,0.008135167161965296
1.0,0.3066623290368789
0.0,0.713566357585178
1.0,0.363074080889426
0.0,0.45953670932145985
0.0,0.3697306099281606
0.0,0.21582651555647397
0.0,0.44923552437083974
0.0,0.2684929109628576
0.0,0.19074492531161927
0.0,0.22868817759042515
0.0,0.4103775596166097
1.0,0.47318001688376593
0.0,0.47184123983394083
0.0,0.29305201858683966
0.0,0.3129043790424121
0.0,0.008691676363884248
1.0,0.4497593752501509
0.0,0.00718292023448617
1.0,0.5201158199967885
0.0,0.007876048087817797
0.0,0.18449812742157645
0.0,0.27977113672423654
0.0,0.3547597239339894
0.0,0.2151006633454835
0.0,0.22477661027901333
0.0,0.25818888589613775
0.0,0.25057468203506916
1.0,0.22055142407319747
0.0,0.19611438462932498
0.0,0.08738139122519245
0.0,0.005853023584435859
0.0,0.3266093284963886
0.0,0.37588227598883317
0.0,0.2868787520370206
1.0,0.5230807523822236
1.0,0.5060013349935574
0.0,0.3319562957621596
0.0,0.20434659237281486
0.0,0.3413604749185581
0.0,0.3747966144767039
0.0,0.42604746036341784
0.0,0.29037758984428874
1.0,0.4729407160593866
0.0,0.5222522097488324
0.0,0.34713237505964584
1.0,0.5160614077280744
0.0,0.357517843089343
0.0,0.5235402675172364
0.0,0.008312600060660742
0.0,0.005853023584435859
0.0,0.28263761158050504
0.0,0.49821225886914416
0.0,0.33308063712403896
1.0,0.3490586673605236
0.0,0.41746977726093054
0.0,0.48642112686847605
0.0,0.007876048087817797
0.0,0.07838843952500447
0.0,0.4628340847620002
0.0,0.30507364901105705
0.0,0.4091067064394277
0.0,0.030620737800890238
1.0,0.4177367357128823
0.0,0.39771082300065125
0.0,0.2720970897068421
0.0,0.41092118744888595
0.0,0.28136062448490184
0.0,0.3712960689040174
1.0,0.39165297684581735
0.0,0.43328168563462677
0.0,0.4471632612830487
0.0,0.3474863119693011
0.0,0.33180710808372
0.0,0.3913212892454234
0.0,0.2746880246227162
0.0,0.30175192175512605
0.0,0.2783992729125829
0.0,0.005853023584435859
1.0,0.4769170039570372
0.0,0.4510949035129834
0.0,0.26409519983444035
0.0,0.007876048087817797
0.0,0.6288511859430113
1.0,0.34817885294947004
0.0,0.41642136434922167
0.0,0.007876048087817797
1.0,0.2815888957916197
0.0,0.2654354865398306
0.0,0.012506418017307255
0.0,0.29024093110113025
0.0,0.3863612364305747
0.0,0.007876048087817797
0.0,0.007876048087817797
0.0,0.2860690950523092
1.0,0.37497531078999696
0.0,0.31206152765149775
0.0,0.3577016957344826
0.0,0.4008389212359691
1.0,0.4664764720845847
1.0,0.32804454013837886
1.0,0.4650273076229294
1.0,0.42162154493994863
0.0,0.2835242158007869
0.0,0.2610703089314215
0.0,0.5160614077280744
1.0,0.42799165982738946
1.0,0.24209060494917367
0.0,0.30755358650588294
1.0,0.38859100070523894
0.0,0.005853023584435859
0.0,0.4082330514516828
0.0,0.405184436107875
0.0,0.004809998979763304
1.0,0.27058543820175823
0.0,0.5112105949845952
0.0,0.41095106152751837
0.0,0.004809998979763304
1.0,0.3311273481893142
1.0,0.23791911931083953
1.0,0.40384372786333567
0.0,0.29437953889284885
1.0,0.4640229502939338
0.0,0.5048852925897955
0.0,0.4069184483092598
0.0,0.4845626661943497
0.0,0.5001806142277667
0.0,0.4090329431379461
0.0,0.008291989648967768
1.0,0.5065953774763096
0.0,0.004809998979763304
1.0,0.43577110979071765
1.0,0.495901828744966
1.0,0.18978358589792388
0.0,0.3924613701111815
0.0,0.309956120611828
0.0,0.49811078614826637
1.0,0.4510361134693759
0.0,0.1947284558944545
1.0,0.49636692648002917
0.0,0.007876048087817797
1.0,0.36062418239847843
0.0,0.33935816228242544
0.0,0.4107180987789959
0.0,0.29441587624093657
0.0,0.3997755696874271
1.0,0.30630698488854646
1.0,0.4025891442999104
0.0,0.22868817759042515
0.0,0.46044974653261433
0.0,0.005853023584435859
0.0,0.26333603772803227
1.0,0.5196799207705097
0.0,0.22868817759042515
0.0,0.27921666590746436
0.0,0.18896377215156304
0.0,0.43577110979071765
1.0,0.35381041365040233
0.0,0.29366046780729044
0.0,0.27189804519398997
0.0,0.3106330884319175
0.0,0.27026669667534464
1.0,0.4255740814124545
0.0,0.41534598408904566
1.0,0.3352502926029166
0.0,0.35376269567640956
0.0,0.4046488849043337
0.0,0.434658914545502
1.0,0.37664510075617064
0.0,0.005853023584435859
0.0,0.451949330621662
1.0,0.2970160430358787
1.0,0.4679000919196997
0.0,0.39804467126288945
0.0,0.20812345307213714
0.0,0.4802769200894274
1.0,0.37332866237242907
0.0,0.3780973561560782
1.0,0.5640483207034493
0.0,0.16256510882582167
1.0,0.5122264997402065
1.0,0.463924603220147
0.0,0.24964611789093805
0.0,0.07125851265748376
0.0,0.3441778954759009
1.0,0.42289111387552053
0.0,0.005853023584435859
1.0,0.31043567421407486
1.0,0.33292144316357836
0.0,0.007876048087817797
0.0,0.25270611802948945
1.0,0.43577110979071765
0.0,0.005853023584435859
0.0,0.22868817759042515
0.0,0.4127890390390391
1.0,0.3235042597498133
1.0,0.49341240458887514
0.0,0.2570924996003293
1.0,0.41170148193957723
0.0,0.48403516900018584
0.0,0.42474830747189
0.0,0.4217580597908467
0.0,0.00791042636388425
1.0,0.40536462126165895
0.0,0.5680128633425745
0.0,0.3981310724659601
0.0,0.3367958772876425
1.0,0.27540314041455405
0.0,0.3539662509759025
1.0,0.28472709640662797
1.0,0.4931069314424483
1.0,0.49368551489115564
1.0,0.34644662010963945
1.0,0.3799256790693255
0.0,0.2637887762658476
0.0,0.4193052553014158
0.0,0.00718292023448617
0.0,0.314049252136697
0.0,0.2737238189706229
1.0,0.3006951635077809
0.0,0.00791042636388425
0.0,0.4652139778785774
0.0,0.4847522024498846
0.0,0.34512502218685964
0.0,0.030620737800890238
1.0,0.4111169891853794
1.0,0.35258553186829755
1.0,0.5232383875715158
1.0,0.36349718595167235
0.0,0.3376667120733653
0.0,0.6057214370010078
0.0,0.4859219900537595
0.0,0.17169189696478226
1.0,0.5244853885752468
0.0,0.43395697218780677
1.0,0.4421990143953807
0.0,0.007876048087817797
0.0,0.4223062615737799
0.0,0.46564331834775136
0.0,0.32729513482005335
1.0,0.5481903898570565
0.0,0.3167514064377284
1.0,0.4328810864547833
1.0,0.2844204804439025
0.0,0.005853023584435859
0.0,0.3831275127251945
1.0,0.4038330824576579
0.0,0.39287786966626864
0.0,0.352552348525432
1.0,0.3605312633346755
0.0,0.4118530609967074
1.0,0.3022893138420616
0.0,0.333332863086612
0.0,0.45320166065993145
0.0,0.007876048087817797
0.0,0.41360489673373924
0.0,0.4344300514529599
0.0,0.3893180149538287
0.0,0.007876048087817797
1.0,0.40342010518835525
0.0,0.29049756445635644
1.0,0.1550862097279837
0.0,0.3499554064582791
0.0,0.005853023584435859
1.0,0.3646457468290575
0.0,0.005853023584435859
0.0,0.00791042636388425
0.0,0.4616725252569746
0.0,0.00791042636388425
0.0,0.3550045525751093
1.0,0.473603949880525
1.0,0.37879220531990376
0.0,0.008176914850348667
1.0,0.2801637365965933
0.0,0.32987091873091723
0.0,0.3677444323414391
0.0,0.5170531987445145
0.0,0.2646892420733386
0.0,0.007876048087817797
0.0,0.007876048087817797
1.0,0.31161574090189836
1.0,0.35487048708464475
0.0,0.5142335045263714
0.0,0.20412105275413267
0.0,0.2139596359712189
1.0,0.5124307942416304
0.0,0.3244052006552007
0.0,0.4426432600085074
0.0,0.3237425091156059
1.0,0.3578716882022924
1.0,0.4576844248839979
0.0,0.3505525533538819
0.0,0.38776864192988614
0.0,0.18709993213278348
1.0,0.31382310963859444
0.0,0.349807310963585
0.0,0.499005297971781
0.0,0.5941376853448495
0.0,0.41092118744888595
1.0,0.43233038911884347
1.0,0.4590825032572605
0.0,0.12602151618454688
0.0,0.2591846390500765
1.0,0.21386633165030416
0.0,0.004809998979763304
0.0,0.351982142222765
0.0,0.3809066415094722
0.0,0.2786572861962678
1.0,0.2843275549934979
0.0,0.17582531930803888
1.0,0.34430375228899146
1.0,0.3270845988790651
1.0,0.30199167391809784
0.0,0.00791042636388425
0.0,0.34253134559552334
1.0,0.31024428442084506
0.0,0.3927127856041307
0.0,0.5188156640613872
0.0,0.005853023584435859
0.0,0.38155522449144696
1.0,0.33634012004775066
0.0,0.43328168563462677
0.0,0.30591419166870887
0.0,0.004809998979763304
0.0,0.35980884829768356
0.0,0.3390352344309428
1.0,0.3956359160163508
0.0,0.009228917364438906
0.0,0.4293560405325111
0.0,0.3161465883316523
1.0,0.3847563672628122
0.0,0.2198791948840839
1.0,0.4894393372714708
1.0,0.3863610964048392
0.0,0.4278914681154445
0.0,0.4382449806380879
0.0,0.3133784088347983
1.0,0.437258810901972
0.0,0.007876048087817797
0.0,0.27443391533524475
0.0,0.005853023584435859
1.0,0.005853023584435859
0.0,0.005853023584435859
0.0,0.2812926088103406
1.0,0.2920670546793173
0.0,0.021173014664722593
0.0,0.4013750736948782
0.0,0.030620737800890238
0.0,0.007876048087817797
0.0,0.4281047964014849
0.0,0.4407359474312118
1.0,0.4888434698598795
0.0,0.004809998979763304
1.0,0.2932367006298243
0.0,0.22899479355315064
0.0,0.3740762141037531
0.0,0.19888182079647657
0.0,0.527403841936412
1.0,0.45014854157537715
0.0,0.4438473061015596
0.0,0.36059486500166926
0.0,0.33197861616098157
0.0,0.4570340715984883
0.0,0.43709608538171085
0.0,0.3577016957344826
0.0,0.2778503453648112
0.0,0.20292092073447054
0.0,0.3956199869000258
1.0,0.12702367485228863
0.0,0.23094488284424255
1.0,0.3589704706927136
0.0,0.2783992729125829
1.0,0.38777282526109413
0.0,0.00791042636388425
1.0,0.47737750836760046
0.0,0.007297995033105271
0.0,0.014830705271579762
1.0,0.4013254245220008
1.0,0.3244052006552007
0.0,0.22338785646837397
0.0,0.47935877474867894
0.0,0.004809998979763304
0.0,0.27315409186738754
0.0,0.3721425245375849
0.0,0.49346676990870464
1.0,0.44785437519380633
0.0,0.2558949766405425
1.0,0.3266701721140823
0.0,0.44700944911292817
1.0,0.4217580597908467
0.0,0.11393336192639174
0.0,0.531216299205677
0.0,0.36055905881014877
0.0,0.3790980282465731
0.0,0.33638763459920734
0.0,0.004809998979763304
0.0,0.007876048087817797
0.0,0.3819532513901572
0.0,0.3275461347213373
0.0,0.007876048087817797
0.0,0.22868817759042515
0.0,0.38794915127230944
0.0,0.4051182700808815
0.0,0.33138060892883414
1.0,0.4563975618714946
0.0,0.2315931331997721
0.0,0.33476699327901677
0.0,0.34466297627703657
1.0,0.4327769730051477
0.0,0.00718292023448617
1.0,0.42390445004593746
1.0,0.4196605465390103
1.0,0.5017694542807113
0.0,0.28466046814824625
0.0,0.37879220531990376
1.0,0.4209373738825322
1.0,0.43474444827714
0.0,0.00791042636388425
0.0,0.34338133938806426
0.0,0.5128843103383205
1.0,0.41092118744888595
0.0,0.00791042636388425
1.0,0.47601053894602086
0.0,0.007876048087817797
1.0,0.2844204804439025
1.0,0.2706203357889092
0.0,0.4011527035056447
0.0,0.33960380695882675
0.0,0.3894068635646473
1.0,0.40260474831724374
0.0,0.1901285405321899
0.0,0.5181843558900423
1.0,0.26687729972634283
0.0,0.3421023564975102
0.0,0.5354371701138911
0.0,0.3053784207444154
0.0,0.20999396793024538
0.0,0.3625787228211859
0.0,0.4076916654268443
0.0,0.2298176711449162
0.0,0.3684785240033973
0.0,0.007876048087817797
0.0,0.3614765160728769
0.0,0.21055490764798981
1.0,0.44398204312568956
0.0,0.01491571976200954
0.0,0.3593309052870945
1.0,0.44038784078446724
0.0,0.4397007415679949
1.0,0.19270819757856003
0.0,0.431828720198778
0.0,0.3751741158101628
0.0,0.322523665212207
1.0,0.3570782545495647
1.0,0.46128342245989307
0.0,0.005853023584435859
0.0,0.5085240883144254
0.0,0.5128149481217387
0.0,0.43577110979071765
0.0,0.48650522193378587
0.0,0.30666375780503147
0.0,0.18668111323978057
0.0,0.2683813232536175
1.0,0.3486249578117737
0.0,0.004809998979763304
1.0,0.23579396199336228
1.0,0.7335113362101564
1.0,0.41662570867284443
0.0,0.30630698488854646
0.0,0.27659506218244884
0.0,0.007876048087817797
0.0,0.33829422339445603
1.0,0.48587072766843076
0.0,0.3233329622494468
0.0,0.4270235447370451
1.0,0.3692253215782627
0.0,0.3048665492737252
0.0,0.4528767306688286
0.0,0.33578416647080744
1.0,0.39053862441407733
1.0,0.3531272928439926
1.0,0.3343022639399548
0.0,0.4760499681000123
1.0,0.21712839365753553
0.0,0.004809998979763304
0.0,0.2844204804439025
1.0,0.24894883458880263
1.0,0.43925815931196605
0.0,0.309784551366653
0.0,0.005853023584435859
0.0,0.10779874127205762
0.0,0.004809998979763304
0.0,0.39524401972632883
0.0,0.23720402427703147
0.0,0.29885901008503846
0.0,0.2844204804439025
0.0,0.4350826139208051
0.0,0.007876048087817797
0.0,0.009727899939669648
0.0,0.005853023584435859
1.0,0.35068889904106826
1.0,0.4828323812279503
0.0,0.022602237569042637
0.0,0.007876048087817797
1.0,0.40745829912987447
0.0,0.4800310951361554
1.0,0.37540079046108454
0.0,0.350295798827213
1.0,0.495901828744966
0.0,0.249488270349408
1.0,0.2896067473536743
0.0,0.39392782878328003
0.0,0.4003917023408278
1.0,0.2958001018992077
0.0,0.42330173015007355
0.0,0.1256626956215931
0.0,0.3231058901152675
0.0,0.32582181838687546
1.0,0.5022946652861265
1.0,0.3675272961088577
0.0,0.25208150948032837
0.0,0.302079171518445
0.0,0.3809665431559632
1.0,0.4779834610795928
1.0,0.4803548411323531
0.0,0.18908866115616052
0.0,0.20153046421663445
0.0,0.29432932098264697
0.0,0.3599217475424629
0.0,0.43577110979071765
0.0,0.3667913753175805
0.0,0.3501034190359062
0.0,0.13562087772715853
0.0,0.3306668254691291
0.0,0.1429910259117285
0.0,0.030620737800890238
0.0,0.1561955433807445
0.0,0.1192823927007162
0.0,0.005853023584435859
0.0,0.38582576492198345
1.0,0.48802911457067655
1.0,0.4679000919196997
0.0,0.007876048087817797
1.0,0.3675705508291528
0.0,0.29665518983624445
1.0,0.5711030307159349
0.0,0.346921585373956
1.0,0.551677927927928
0.0,0.004809998979763304
0.0,0.41928970487756256
1.0,0.49931217106700837
0.0,0.11915813019799468
0.0,0.22868817759042515
1.0,0.3212196143849388
0.0,0.10029938050852949
1.0,0.48055245168219773
0.0,0.3443203406418807
1.0,0.2996111365744256
0.0,0.17518090718112472
1.0,0.3168638621533932
0.0,0.3484104828860774
0.0,0.28522206340401496
1.0,0.48202531503870744
0.0,0.44433457019232475
0.0,0.3412824907282071
1.0,0.3291430849498086
0.0,0.3702989637498618
0.0,0.17985579104942898
0.0,0.37570098107030914
0.0,0.00791042636388425
0.0,0.29412202852883285
1.0,0.5495502916710373
0.0,0.3468648233925219
1.0,0.42409696503364486
0.0,0.4643338003739017
0.0,0.45429548022324545
0.0,0.421618335437576
1.0,0.24269080701578805
0.0,0.3603587572770017
0.0,0.007876048087817797
0.0,0.4002285196595836
0.0,0.005853023584435859
0.0,0.008157152004498864
0.0,0.30687602649818446
0.0,0.004809998979763304
0.0,0.41092118744888595
0.0,0.4389600707393782
0.0,0.005853023584435859
0.0,0.00791042636388425
0.0,0.3387659348151916
0.0,0.007876048087817797
1.0,0.42390445004593746
0.0,0.004809998979763304
0.0,0.33088455741225586
0.0,0.3337011857694555
1.0,0.25057468203506916
0.0,0.12492161565701318
1.0,0.3701255968686655
0.0,0.3964193978888828
0.0,0.00791042636388425
1.0,0.4294323050722331
1.0,0.47312834089950695
0.0,0.005853023584435859
0.0,0.004809998979763304
0.0,0.4015439518601966
1.0,0.42569735369423695
1.0,0.4571542824997234
1.0,0.3565120064977819
0.0,0.49640723597825903
1.0,0.31965187098712167
0.0,0.23845103282404978
0.0,0.3191238960928536
0.0,0.007876048087817797
0.0,0.3420265880683137
0.0,0.27155656906262093
1.0,0.36950252684927404
0.0,0.18520635397472315
0.0,0.3248760237682802
0.0,0.005853023584435859
0.0,0.44398204312568956
0.0,0.44740359174529576
1.0,0.41355681309219083
0.0,0.00791042636388425
0.0,0.00791042636388425
0.0,0.44398204312568956
0.0,0.00791042636388425
1.0,0.3806425262723018
0.0,0.00718292023448617
1.0,0.2844204804439025
0.0,0.00718292023448617
0.0,0.22868817759042515
1.0,0.40214026243087364
0.0,0.37788373198837455
0.0,0.44054463048284803
0.0,0.008691676363884248
1.0,0.33618122467056344
0.0,0.317723260106862
0.0,0.27162763262821
0.0,0.004809998979763304
0.0,0.00791042636388425
1.0,0.39515806426240385
0.0,0.343632791306146
0.0,0.00791042636388425
0.0,0.3794017606593325
1.0,0.15074638973467672
1.0,0.5160614077280744
0.0,0.00718292023448617
0.0,0.007876048087817797
0.0,0.0745717384080683
0.0,0.16003439359612642
0.0,0.3354315155915565
1.0,0.33678714979595087
0.0,0.2844204804439025
1.0,0.488467462315832
0.0,0.2368966366982353
0.0,0.37605189446996606
0.0,0.24772626309089493
0.0,0.4164087639433255
1.0,0.4729613749221593
1.0,0.375928650796967
1.0,0.4932906522766224
0.0,0.40921205778348635
0.0,0.3061626986799905
1.0,0.39063603798799984
0.0,0.3676150230993018
1.0,0.42979411412417334
0.0,0.40638892166693596
0.0,0.12739973213225075
0.0,0.1727224055808601
0.0,0.008176914850348667
0.0,0.00718292023448617
0.0,0.007876048087817797
0.0,0.26150623320743804
0.0,0.005853023584435859
1.0,0.3872491295694952
0.0,0.3009239669275904
1.0,0.5286482988647054
0.0,0.43577110979071765
1.0,0.3800265139428548
1.0,0.4225717414216413
0.0,0.28963780871655326
0.0,0.30292662944514626
1.0,0.6057214370010078
1.0,0.5052772413629869
0.0,0.16796787503684055
1.0,0.3119557170182401
1.0,0.427702915472241
0.0,0.4086347916635698
0.0,0.4300856064800689
0.0,0.005853023584435859
0.0,0.38614398042475867
1.0,0.32903042310771313
0.0,0.4646848567138352
0.0,0.007876048087817797
0.0,0.16796787503684055
0.0,0.24187580737455555
0.0,0.3482441096106681
1.0,0.47153274691701863
1.0,0.5280308108739481
0.0,0.31505466275547517
1.0,0.40913470997409557
0.0,0.45470961665270515
0.0,0.022602237569042637
1.0,0.48717317748665356
0.0,0.37221086710101636
1.0,0.23291880615410246
1.0,0.5290927298264325
1.0,0.33464397354950465
1.0,0.37011898893741296
1.0,0.25785873045799
1.0,0.37879220531990376
1.0,0.368321269330063
0.0,0.27182650915882534
0.0,0.37607636278834
1.0,0.30406506529164856
0.0,0.16324915982023377
1.0,0.5104412506269245
1.0,0.2848105762251133
0.0,0.29437953889284885
0.0,0.39939756160510576
0.0,0.3419774701675483
0.0,0.35191743947713683
0.0,0.00791042636388425
1.0,0.47095914465681404
0.0,0.007876048087817797
0.0,0.29923297896495243
0.0,0.35786664960463715
0.0,0.41092118744888595
0.0,0.007876048087817797
0.0,0.5504989080515857
0.0,0.4590825032572605
0.0,0.3018328780301072
0.0,0.2953745157765143
0.0,0.409600168913154
1.0,0.28161330873568596
1.0,0.305802641549195
1.0,0.33852999186683125
0.0,0.35441679118578373
1.0,0.30563364289720857
0.0,0.33677670594421066
0.0,0.4743024498360553
0.0,0.34116712777312075
0.0,0.3607373980803142
1.0,0.4289203781372318
0.0,0.35061379908438184
0.0,0.00791042636388425
0.0,0.4578550906944414
1.0,0.5334157347281375
1.0,0.25917249314806357
0.0,0.3711939645258625
1.0,0.41092118744888595
1.0,0.32817393794373934
1.0,0.3968480963642954
1.0,0.4723522858533372
0.0,0.004809998979763304
0.0,0.268493465762487
0.0,0.004809998979763304
0.0,0.2790567414502566
1.0,0.44932152561826033
0.0,0.5174213095420552
0.0,0.3722835029594832
1.0,0.4146369025218223
0.0,0.2844204804439025
0.0,0.38200063483998536
0.0,0.316199035359911
0.0,0.00791042636388425
0.0,0.14644217505028442
0.0,0.004809998979763304
1.0,0.35551429541152296
0.0,0.409499463158315
1.0,0.2948849120198468
0.0,0.38949256281096656
1.0,0.45599803701963754
0.0,0.33001371112208544
0.0,0.37728200246032395
0.0,0.16620169466366586
0.0,0.14974455295401665
0.0,0.2520963882167847
0.0,0.2839020733928691
0.0,0.007318605444798244
0.0,0.3273473840372858
0.0,0.37879220531990376
1.0,0.3819631124728614
0.0,0.45918906775453566
0.0,0.4672611001917749
1.0,0.38654312979398714
1.0,0.3615613792465841
0.0,0.005853023584435859
0.0,0.220352258397051
1.0,0.37501009830192794
0.0,0.3612321786504483
0.0,0.37380373950590146
0.0,0.41211036709251875
0.0,0.046989277849252796
0.0,0.30687707386387364
1.0,0.4056720851865445
0.0,0.4054473012999774
0.0,0.008176914850348667
0.0,0.007876048087817797
0.0,0.4011527035056447
0.0,0.005853023584435859
1.0,0.3410796029150612
0.0,0.005853023584435859
1.0,0.40638892166693596
1.0,0.49907062688708337
0.0,0.39765546840885124
0.0,0.40921205778348635
0.0,0.3359852924016661
0.0,0.2260094576258397
1.0,0.22048438883862959
0.0,0.42921198849598696
0.0,0.36561356664881794
0.0,0.00791042636388425
0.0,0.2487686279023616
0.0,0.48304113701230433
0.0,0.14309868816616847
0.0,0.3702982667608281
1.0,0.3683137124410772
0.0,0.07697534597382599
0.0,0.3940050511131977
0.0,0.44398204312568956
0.0,0.2795271997535852
0.0,0.2265887859394334
0.0,0.004809998979763304
1.0,0.500882107228853
1.0,0.33734898292633686
0.0,0.2723237266409203
1.0,0.46128342245989307
0.0,0.3799256790693255
1.0,0.34964114764355564
1.0,0.20234898417393213
0.0,0.3960735797848775
1.0,0.3697170150973069
0.0,0.19046269182387873
1.0,0.437114271409633
1.0,0.39047907974115714
0.0,0.007876048087817797
1.0,0.40751100831159165
0.0,0.2953614290108498
0.0,0.00791042636388425
0.0,0.2664473391902948
0.0,0.36281890072841433
0.0,0.44736147505563467
0.0,0.4112842547606328
0.0,0.364088480957393
0.0,0.09782589585523964
0.0,0.00791042636388425
0.0,0.004809998979763304
0.0,0.40694735696895484
1.0,0.4541521459358372
0.0,0.25297540502670113
0.0,0.00791042636388425
1.0,0.49391248300390467
0.0,0.3096503791725056
0.0,0.4881041081354464
1.0,0.4504494420191533
0.0,0.15506790569045642
0.0,0.27922225133307216
0.0,0.00791042636388425
0.0,0.005853023584435859
1.0,0.49341240458887514
1.0,0.5048887568495412
0.0,0.3151674912864272
1.0,0.44463304259933367
0.0,0.005853023584435859
1.0,0.4642877487371277
0.0,0.32225516793197817
0.0,0.10953658203731782
0.0,0.004809998979763304
1.0,0.44892499762062005
0.0,0.008312600060660742
1.0,0.24308781063048673
1.0,0.26227378236324905
0.0,0.5186535752852588
1.0,0.42571735915479714
0.0,0.3939646986159681
0.0,0.5381474567495491
0.0,0.3393419269407915
0.0,0.3904683098953154
0.0,0.43892239374643605
0.0,0.47715087292126496
1.0,0.4729613749221593
1.0,0.4421190881868683
0.0,0.004809998979763304
0.0,0.00791042636388425
0.0,0.495901828744966
1.0,0.3896290776618645
0.0,0.3692253215782627
0.0,0.3472416500115719
0.0,0.42666932533679186
0.0,0.4423640776013329
1.0,0.2964603149107424
0.0,0.00791042636388425
0.0,0.4058545339697142
0.0,0.38524098228670167
0.0,0.34855268519498994
1.0,0.4706855156175215
0.0,0.5518784101786143
0.0,0.3991033224475136
0.0,0.26428483832163163
0.0,0.27223552408418883
0.0,0.20999047984298155
0.0,0.3079284883479074
1.0,0.4849851934764375
0.0,0.3357049172730892
0.0,0.3850098165379188
0.0,0.4250725104477106
1.0,0.2844204804439025
1.0,0.5481903898570565
0.0,0.3590514711256941
0.0,0.007318605444798244
0.0,0.48986041569682803
0.0,0.14521421724994416
0.0,0.004809998979763304
1.0,0.48482769696343886
0.0,0.052848396305114544
0.0,0.36525843917891176
0.0,0.004809998979763304
1.0,0.2584722222222222
0.0,0.27993250218654947
0.0,0.40421100792221953
0.0,0.4315560268360104
0.0,0.005853023584435859
0.0,0.24327906890583256
0.0,0.3675272961088577
0.0,0.3841237561917801
0.0,0.13872741450197576
1.0,0.3256949922402986
1.0,0.3766655627212568
0.0,0.2678762266782898
0.0,0.3249288137629795
0.0,0.01337182057691706
1.0,0.4144568230099413
0.0,0.30858428297900276
0.0,0.343335164892205
0.0,0.00718292023448617
1.0,0.4707425731002342
0.0,0.31179499325538035
1.0,0.29452569539697515
0.0,0.42958752702615743
0.0,0.44398204312568956
0.0,0.4282446554981714
0.0,0.37979594639954173
0.0,0.278596648525261
0.0,0.495901828744966
1.0,0.3161404115127603
1.0,0.33149668608463406
0.0,0.5711030307159349
0.0,0.3349629406220599
0.0,0.48224837630138717
0.0,0.33773822336776305
1.0,0.47171501531438725
0.0,0.16123446127281607
1.0,0.5280308108739481
0.0,0.00718292023448617
0.0,0.008312600060660742
0.0,0.33852999186683125
0.0,0.3967214131906337
1.0,0.48691733450316
0.0,0.16228823781990404
1.0,0.2618096360067165
0.0,0.005853023584435859
1.0,0.28285785715384637
0.0,0.5228382938448621
0.0,0.38417668665108035
0.0,0.2812926088103406
0.0,0.3322638277273047
0.0,0.007876048087817797
0.0,0.00791042636388425
0.0,0.3218598805065279
1.0,0.5037650164188787
0.0,0.42162154493994863
0.0,0.2508424213234896
0.0,0.27788307698076714
0.0,0.41872366104581904
1.0,0.3449364182993128
0.0,0.506159846272487
0.0,0.45823653119958585
1.0,0.34600450684034095
0.0,0.4138625599679527
1.0,0.46803859189499536
0.0,0.326706137843757
0.0,0.44936778281184214
0.0,0.28971684887964744
0.0,0.19565528302102767
1.0,0.44647146728178033
1.0,0.49334069233252403
0.0,0.4679000919196997
0.0,0.48403516900018584
0.0,0.008176914850348667
0.0,0.4756997504692459
1.0,0.4628619236043707
0.0,0.004809998979763304
0.0,0.3358667206619658
0.0,0.008176914850348667
0.0,0.005853023584435859
0.0,0.28285591304906876
1.0,0.32761430868848473
0.0,0.004809998979763304
0.0,0.46397444681758404
1.0,0.3837294305427135
0.0,0.49349134355922336
1.0,0.4118530609967074
0.0,0.3310551788973897
0.0,0.47071817938872984
0.0,0.35922840325690814
0.0,0.005853023584435859
0.0,0.3738689489721293
0.0,0.30923033366050384
1.0,0.4478707655695359
0.0,0.2856132814332745
1.0,0.548742532530194
0.0,0.4154511329782224
1.0,0.4060704682192813
0.0,0.00718292023448617
0.0,0.23454231280257698
0.0,0.32592423043788765
0.0,0.3770830756545043
0.0,0.36328588935936035
0.0,0.28515045497183694
1.0,0.4729272532401656
1.0,0.3781010017888055
0.0,0.004809998979763304
0.0,0.28023880665828493
0.0,0.37074643700265564
0.0,0.007876048087817797
0.0,0.3435070945141864
0.0,0.3785217100985289
1.0,0.37014502464969573
0.0,0.5047109241193485
0.0,0.32761430868848473
0.0,0.007876048087817797
1.0,0.4011527035056447
0.0,0.22865586540861124
0.0,0.4168279182955385
0.0,0.004809998979763304
1.0,0.47583018040630903
0.0,0.29166897633297495
1.0,0.3566069694754603
0.0,0.26481973099766204
1.0,0.3703769833768952
0.0,0.18631773947357927
0.0,0.008176914850348667
1.0,0.4220211952768842
0.0,0.17032475225462074
1.0,0.33939253555905424
0.0,0.28065211795040906
1.0,0.355159145284031
0.0,0.005853023584435859
0.0,0.42162154493994863
0.0,0.27745245349725517
0.0,0.007876048087817797
1.0,0.3187162467112596
0.0,0.18923644703391734
0.0,0.007876048087817797
0.0,0.3639839426743164
1.0,0.33723147625750394
1.0,0.45451159526822194
0.0,0.005853023584435859
1.0,0.2719031260340315
1.0,0.44398204312568956
1.0,0.3119951599371953
0.0,0.3658711926212519
0.0,0.41864131408117994
1.0,0.25597230288746137
1.0,0.4574451270361792
0.0,0.3869887102852801
0.0,0.008291989648967768
0.0,0.38486623011923915
1.0,0.40399271083282356
0.0,0.37047404421235725
0.0,0.23850661817094929
0.0,0.28122396876251504
1.0,0.39101527636650424
0.0,0.30630698488854646
1.0,0.561488722729906
1.0,0.39537652668653367
0.0,0.39342801711431347
0.0,0.5280308108739481
0.0,0.4271100213766575
0.0,0.32467866679904595
0.0,0.05196750406325608
0.0,0.17518090718112472
1.0,0.5102058296436854
0.0,0.00791042636388425
0.0,0.3341183529107248
1.0,0.42390445004593746
0.0,0.32947424166235617
0.0,0.015886849074639966
0.0,0.36938913408952256
0.0,0.5402793326010572
0.0,0.005853023584435859
0.0,0.27536122583881606
0.0,0.18383773278608315
0.0,0.00791042636388425
0.0,0.25285005867572385
1.0,0.3212950983923099
0.0,0.005853023584435859
0.0,0.43328168563462677
0.0,0.36835633274727964
0.0,0.30181746008458066
0.0,0.008176914850348667
1.0,0.43779487321466254
1.0,0.5280308108739481
0.0,0.3177438313084877
0.0,0.2992209861567155
0.0,0.3063929834583319
0.0,0.31650219685235315
1.0,0.4483904872980213
0.0,0.37337619188429344
1.0,0.3178724221397985
0.0,0.005853023584435859
0.0,0.2558120974162781
0.0,0.3109241606128897
0.0,0.1765380975714728
1.0,0.4935140215018031
0.0,0.005853023584435859
1.0,0.3148767581075639
0.0,0.3375254699669015
0.0,0.00791042636388425
1.0,0.37116759042348385
0.0,0.4679000919196997
1.0,0.35919230711644135
0.0,0.3332729478237774
0.0,0.2423474630830841
0.0,0.00791042636388425
0.0,0.26936195966372606
0.0,0.3685810778627312
0.0,0.4869461856185079
1.0,0.3029272286617436
0.0,0.34066307446354505
1.0,0.4081499307895547
0.0,0.3624190980920211
0.0,0.37245039320595397
1.0,0.40647265594728954
0.0,0.30236385880456873
0.0,0.007876048087817797
0.0,0.23002566082862053
0.0,0.3464921068597113
0.0,0.3244052006552007
0.0,0.5107312847518167
0.0,0.2783992729125829
1.0,0.3715031387151647
1.0,0.31959155706268705
0.0,0.3917021746546517
1.0,0.5135719835719835
1.0,0.4853037247905013
0.0,0.2861755659062485
0.0,0.36328588935936035
0.0,0.009727899939669648
0.0,0.4218853310774415
0.0,0.40421590831088516
0.0,0.24373665569029518
1.0,0.4903193929159289
1.0,0.40518626946517156
1.0,0.263210811970126
0.0,0.00791042636388425
1.0,0.4999042165464793
0.0,0.29063327645824966
0.0,0.20181848978006364
0.0,0.37567256135857685
1.0,0.37278055591109227
0.0,0.5280308108739481
1.0,0.25694006881602255
0.0,0.27432458186369324
0.0,0.38108191834057775
0.0,0.28136062448490184
0.0,0.20233432098166906
0.0,0.007876048087817797
1.0,0.2834881258213183
1.0,0.34694645224520604
0.0,0.2641811690277637
0.0,0.2619906619740713
0.0,0.00791042636388425
0.0,0.357912466538365
0.0,0.23394959179320715
1.0,0.256231947522359
0.0,0.42911472914552445
0.0,0.004809998979763304
1.0,0.3626782138746759
0.0,0.22868817759042515
0.0,0.5365575761704804
1.0,0.38738755309999406
0.0,0.2897057402238938
1.0,0.4107370676662695
0.0,0.004809998979763304
0.0,0.1940931577319158
0.0,0.1375520947422403
1.0,0.2655152332693301
0.0,0.3501278410285269
0.0,0.27250840138921895
1.0,0.4697477190141101
1.0,0.40294014484668955
1.0,0.574947113362528
1.0,0.3662509573675135
0.0,0.004809998979763304
0.0,0.4505616245252522
0.0,0.31993434763238104
0.0,0.00791042636388425
0.0,0.4275242178277673
0.0,0.2783992729125829
1.0,0.17919309419307072
0.0,0.31838336545026924
0.0,0.1979077071829712
1.0,0.3405112277023278
0.0,0.19535977085080347
0.0,0.004809998979763304
0.0,0.005853023584435859
0.0,0.004809998979763304
0.0,0.28085242141525574
0.0,0.005853023584435859
0.0,0.4430593441032385
0.0,0.46167467081444497
1.0,0.3490586673605236
0.0,0.3751126924636629
0.0,0.005853023584435859
0.0,0.2815637952112048
0.0,0.43064675329862334
0.0,0.29463289063726184
1.0,0.3750417713202291
0.0,0.22940556887893138
0.0,0.480044622735053
1.0,0.5001693120176381
0.0,0.3613583221012717
0.0,0.008176914850348667
0.0,0.24887262407709937
1.0,0.27531584701912143
1.0,0.3549113029911196
1.0,0.28792001244085047
0.0,0.43328168563462677
1.0,0.34791346095506864
1.0,0.3201229702106056
1.0,0.48634655200722265
0.0,0.022602237569042637
1.0,0.3223058228405355
0.0,0.00791042636388425
1.0,0.50378029353905
0.0,0.08411435176222282
1.0,0.39473938613366766
0.0,0.007876048087817797
0.0,0.00718292023448617
0.0,0.3238231443412191
1.0,0.2852514989156416
0.0,0.41638666098577226
0.0,0.5035332578627566
0.0,0.25057468203506916
1.0,0.37536693078869415
1.0,0.377927665163493
1.0,0.27827991383085277
1.0,0.3604434704648387
0.0,0.49341240458887514
0.0,0.2844204804439025
0.0,0.4458120556193194
0.0,0.24964611789093805
1.0,0.33388915001702474
0.0,0.2679354529105358
0.0,0.007876048087817797
0.0,0.4908946742795624
0.0,0.30807858519804937
0.0,0.41041647481940685
0.0,0.3967070779695151
1.0,0.425844895254599
1.0,0.4454840041037662
0.0,0.5003609333169423
0.0,0.38949256281096656
0.0,0.3921423006989685
0.0,0.3746906349626315
0.0,0.39954283520230377
0.0,0.5293086951285814
1.0,0.37878254007383727
0.0,0.004809998979763304
0.0,0.372485150779432
0.0,0.329925626382723
0.0,0.3176511440676286
0.0,0.14691691349537345
0.0,0.19771662712796995
0.0,0.38833616070844656
1.0,0.4920468177371432
1.0,0.33761640646258767
0.0,0.40803954275234455
1.0,0.4351932027217879
0.0,0.17224868295291884
0.0,0.5160614077280744
1.0,0.3355010178980518
1.0,0.41238055819087127
1.0,0.14732186732186733
1.0,0.43328168563462677
0.0,0.004809998979763304
1.0,0.3406543558983764
0.0,0.005853023584435859
0.0,0.14123442714244477
0.0,0.004809998979763304
1.0,0.43328168563462677
0.0,0.3923201020195556
0.0,0.41938798939505056
1.0,0.2661539671378012
0.0,0.4657417507165339
0.0,0.38729679862743815
1.0,0.43784150887885226
0.0,0.4165017852347505
0.0,0.004809998979763304
1.0,0.43644457876583703
0.0,0.41500284687261624
1.0,0.43577110979071765
0.0,0.004809998979763304
0.0,0.32014131764891646
0.0,0.004809998979763304
0.0,0.4471852824595925
1.0,0.403927439874458
0.0,0.37908342645356846
0.0,0.3518471427035
0.0,0.2612698647933523
0.0,0.26058856862370705
0.0,0.3886118201896731
0.0,0.00718292023448617
1.0,0.37879220531990376
0.0,0.2617962707247624
0.0,0.46863319488919014
0.0,0.1800708465577703
0.0,0.38776795104357975
1.0,0.29923297896495243
0.0,0.29063340140153404
1.0,0.4141057797965414
1.0,0.13493887770859458
0.0,0.3190872849392278
0.0,0.3706455819923286
0.0,0.007876048087817797
0.0,0.49796457846222336
1.0,0.2895093825897544
0.0,0.22868817759042515
0.0,0.41439062225213547
1.0,0.42162154493994863
0.0,0.285667082061239
1.0,0.28723277659472474
1.0,0.3661689196945606
0.0,0.2844204804439025
0.0,0.23091321003460208
1.0,0.45276118916425667
0.0,0.5745088424780368
0.0,0.36472419621199015
0.0,0.00791042636388425
1.0,0.495901828744966
0.0,0.32752654329258163
0.0,0.19016577267374232
1.0,0.39659850759921716
0.0,0.30766676766527845
1.0,0.28566662998831144
0.0,0.2737575992493294
0.0,0.27368134948411627
0.0,0.0532685663388868
0.0,0.41139736568122337
0.0,0.3577016957344826
0.0,0.26234112417201466
0.0,0.3245111857097963
0.0,0.35969245445141174
0.0,0.37262101712981255
1.0,0.32271980083220225
0.0,0.30630698488854646
0.0,0.005853023584435859
0.0,0.23636294870038219
1.0,0.4148029320710154
0.0,0.005853023584435859
1.0,0.41273628542185714
1.0,0.3503658470956501
0.0,0.3788123970963493
0.0,0.310650059422632
1.0,0.2855210074591364
0.0,0.2494278514234163
1.0,0.40349239777110046
0.0,0.004809998979763304
0.0,0.37494142617817805
0.0,0.28308216666507036
0.0,0.4679000919196997
0.0,0.47785037005390896
1.0,0.37879220531990376
0.0,0.4221814905555705
0.0,0.3004196792909544
1.0,0.502855946733965
0.0,0.4336672607200207
0.0,0.18219654730402005
0.0,0.004809998979763304
1.0,0.45776716030575926
0.0,0.008176914850348667
0.0,0.48169006547747784
0.0,0.3482911415942852
0.0,0.35941145212824993
0.0,0.0837989561233299
0.0,0.39926934723262036
0.0,0.2621158373816636
0.0,0.28332453852140005
0.0,0.3541993258556877
0.0,0.007876048087817797
1.0,0.37001125557069686
0.0,0.005853023584435859
0.0,0.2771137747155799
1.0,0.526125839005102
0.0,0.34007466485441273
1.0,0.22975278464103488
0.0,0.4035558188662217
0.0,0.007876048087817797
0.0,0.2990753974416687
1.0,0.45633231491907694
0.0,0.00791042636388425
1.0,0.3366503274899762
0.0,0.2783992729125829
0.0,0.008176914850348667
0.0,0.36608819021382344
0.0,0.00718292023448617
1.0,0.26454518023691265
0.0,0.34886392279879425
0.0,0.45491924638204423
1.0,0.32077317197257227
0.0,0.3322308337188491
1.0,0.39796031382977054
0.0,0.4378859357682966
1.0,0.3047204383231391
0.0,0.00791042636388425
0.0,0.005853023584435859
1.0,0.30897606997482624
1.0,0.4566408335919904
1.0,0.33550001854450406
0.0,0.4549673419268881
0.0,0.35375323070455583
0.0,0.3988659634590816
1.0,0.4015439518601966
0.0,0.11936023314454942
1.0,0.38598933070326524
0.0,0.00791042636388425
0.0,0.5006317415344996
0.0,0.29602040799466606
0.0,0.36712871734581537
0.0,0.008176914850348667
0.0,0.32517589967803656
0.0,0.007876048087817797
0.0,0.26491632932251563
0.0,0.004809998979763304
0.0,0.5479228745214056
0.0,0.4585951180196145
0.0,0.40913769141279605
0.0,0.374495333632469
0.0,0.3260577080491907
0.0,0.3893675432052193
0.0,0.3781345359150605
0.0,0.4081830561744148
1.0,0.5280308108739481
1.0,0.4618609237229158
0.0,0.46501605186320494
1.0,0.3702837116907101
0.0,0.37879220531990376
1.0,0.49270019792034647
0.0,0.005853023584435859
1.0,0.30630698488854646
0.0,0.00718292023448617
0.0,0.27465586487019095
0.0,0.37331889905767524
1.0,0.47391733807036257
0.0,0.4000238677863718
0.0,0.22876539716202884
0.0,0.3234871563015261
0.0,0.495901828744966
0.0,0.38228401426450354
0.0,0.4784422679575808
0.0,0.409189386314772
0.0,0.007876048087817797
1.0,0.4892265487052667
1.0,0.23459441605480313
0.0,0.43880374420385815
1.0,0.48403516900018584
0.0,0.31348338684462557
0.0,0.33613629363482067
0.0,0.005853023584435859
0.0,0.39475081920607175
0.0,0.00791042636388425
1.0,0.24091107313566376
0.0,0.4015439518601966
0.0,0.42523923660517216
0.0,0.00791042636388425
0.0,0.007876048087817797
1.0,0.5327223588209474
1.0,0.49299578244593967
1.0,0.35059430351583737
0.0,0.004809998979763304
1.0,0.482700346802556
0.0,0.49412115061585304
0.0,0.005853023584435859
0.0,0.3468648233925219
0.0,0.2812926088103406
0.0,0.2011705081348405
0.0,0.004809998979763304
0.0,0.32110616826969685
0.0,0.3164867777252282
0.0,0.43892292427415214
0.0,0.35741391703958547
0.0,0.008176914850348667
1.0,0.3474166018912509
0.0,0.007876048087817797
1.0,0.3647226087544551
0.0,0.3982339389807529
0.0,0.11126903462202282
1.0,0.39191957930458277
0.0,0.5500295632461225
1.0,0.3766986693550594
0.0,0.32726492518905936
1.0,0.36319170989007615
1.0,0.37701464335163887
0.0,0.3748524526688575
0.0,0.22868817759042515
0.0,0.3993822341427601
1.0,0.3692253215782627
0.0,0.12702367485228863
0.0,0.28122396876251504
0.0,0.39348304151809016
0.0,0.3361600447775759
0.0,0.4059397226071207
0.0,0.007876048087817797
0.0,0.2890996304036456
1.0,0.2267236554507789
0.0,0.005853023584435859
0.0,0.1613808908473881
0.0,0.004809998979763304
0.0,0.32542801069259236
0.0,0.32362286121427436
0.0,0.33046252466089016
0.0,0.2732288777788975
0.0,0.111939396383426
0.0,0.16669573828353404
1.0,0.45581832970639186
0.0,0.22629727318314444
0.0,0.49991598632679385
0.0,0.42752475435876847
0.0,0.004809998979763304
0.0,0.00718292023448617
0.0,0.41101555687554536
0.0,0.4679000919196997
0.0,0.26112377568213274
1.0,0.2783992729125829
0.0,0.23984231862878766
0.0,0.007876048087817797
1.0,0.29455544707545855
1.0,0.36610109733472024
0.0,0.008176914850348667
1.0,0.5423224503384845
1.0,0.5186535752852588
1.0,0.39217105719369266
1.0,0.4058287256070262
0.0,0.3976929830342175
0.0,0.2548142390664392
0.0,0.3042261505994813
0.0,0.49449193797723273
0.0,0.45269088696928267
0.0,0.495901828744966
0.0,0.5871924260933173
1.0,0.3371184850826837
0.0,0.004809998979763304
0.0,0.00718292023448617
1.0,0.48144300144300145
0.0,0.005853023584435859
0.0,0.35036387562069693
0.0,0.008291989648967768
1.0,0.37638958060511785
0.0,0.5040247170614304
1.0,0.34019691463098345
1.0,0.3674406914455556
1.0,0.30429191286228924
0.0,0.004809998979763304
0.0,0.3998735633168914
0.0,0.213238406471879
1.0,0.3207979924501658
1.0,0.4076382429117947
0.0,0.29235017889705955
0.0,0.30507989638391164
0.0,0.3146889296354902
0.0,0.1209781793392729
1.0,0.30525381050274386
0.0,0.38699851762157644
1.0,0.35052559734795713
1.0,0.5070606103942448
1.0,0.4447695574502316
0.0,0.41642136434922167
0.0,0.41354438134786725
0.0,0.004809998979763304
0.0,0.31035522549683203
1.0,0.3444896810095337
1.0,0.2848654477609456
0.0,0.31567979351810127
0.0,0.4151795557028205
1.0,0.38185060394923837
0.0,0.5197965951553599
0.0,0.35794064044668256
0.0,0.005853023584435859
0.0,0.3928322345055957
0.0,0.47071744830407264
0.0,0.3758498606303511
0.0,0.37879220531990376
0.0,0.4068153489733182
0.0,0.22868817759042515
0.0,0.11726004290526819
0.0,0.4985013241815903
0.0,0.2812926088103406
0.0,0.3121399408161419
1.0,0.39059971243639274
0.0,0.41210117859760925
0.0,0.3729795261096215
0.0,0.29580903363429784
0.0,0.007876048087817797
0.0,0.36132113310968017
0.0,0.004809998979763304
0.0,0.31724800937913433
0.0,0.27095622715392
0.0,0.00791042636388425
0.0,0.45291307406347703
0.0,0.35187682191712777
0.0,0.4910221139690123
0.0,0.3945651525956999
0.0,0.3630644827960547
1.0,0.3659809963251209
0.0,0.3112617287869089
0.0,0.40434166445430525
0.0,0.5335186936243894
1.0,0.288007193546534
1.0,0.33086233115275676
1.0,0.3596136902867501
0.0,0.00791042636388425
0.0,0.27432458186369324
0.0,0.44324716271904185
1.0,0.32211223892078583
0.0,0.37879220531990376
0.0,0.4973851529913685
1.0,0.4815839012303301
1.0,0.3611654302125009
0.0,0.00791042636388425
1.0,0.2742178602332647
0.0,0.25050329473416055
0.0,0.005853023584435859
1.0,0.37688509610732185
1.0,0.41092118744888595
1.0,0.39053053760171885
0.0,0.3012121360405653
0.0,0.011526168539822204
0.0,0.41811908715759216
0.0,0.2170613675695086
0.0,0.007876048087817797
1.0,0.3769833887484572
0.0,0.3690764684933099
0.0,0.3257732786131318
0.0,0.26890418825647167
1.0,0.45450523194646225
0.0,0.21290609746672184
1.0,0.49064852771019585
1.0,0.4496513445204987
1.0,0.34135009081061024
0.0,0.36795286343458417
0.0,0.510613007023696
0.0,0.31454219187717675
1.0,0.3190376147512805
0.0,0.004809998979763304
0.0,0.32889323481388105
0.0,0.40836714118606293
0.0,0.3675272961088577
0.0,0.35749698514567746
0.0,0.26412463793966023
0.0,0.22714900476296143
0.0,0.1914082394489715
0.0,0.35448382734493633
1.0,0.42390445004593746
0.0,0.2875802003181159
0.0,0.3349629406220599
1.0,0.41092118744888595
0.0,0.4415618936782876
0.0,0.2018324069069441
0.0,0.41092118744888595
1.0,0.3990618062089352
0.0,0.22685911986951565
1.0,0.4072470136927811
1.0,0.22084869187667147
0.0,0.495901828744966
0.0,0.41774413183927916
0.0,0.007876048087817797
0.0,0.46688659240097796
0.0,0.00791042636388425
1.0,0.2668708429438139
0.0,0.25057468203506916
0.0,0.43531997132062605
1.0,0.39272384713065145
0.0,0.007876048087817797
1.0,0.501994633461468
0.0,0.22736056087889178
0.0,0.37879220531990376
0.0,0.4218756052301475
0.0,0.32844502200827463
1.0,0.5280308108739481
1.0,0.5007104455377377
0.0,0.4718662996527129
0.0,0.33586022679720656
1.0,0.42233689994522045
1.0,0.40247464946995387
0.0,0.20567047852417858
0.0,0.007876048087817797
1.0,0.25752986441564185
0.0,0.1157681237023325
0.0,0.4680843067881318
1.0,0.30507989638391164
1.0,0.3284473413185387
1.0,0.3617361005945301
0.0,0.004809998979763304
1.0,0.49341240458887514
1.0,0.36143917569526934
0.0,0.3392776478439335
1.0,0.3600507984471599
0.0,0.13606928990463524
0.0,0.005853023584435859
0.0,0.3896290776618645
0.0,0.008291989648967768
0.0,0.00791042636388425
0.0,0.28273465164163725
0.0,0.3443081369870615
0.0,0.40555561291149805
0.0,0.005853023584435859
1.0,0.43341241787614987
0.0,0.00791042636388425
0.0,0.2510199596053299
0.0,0.3499474408374246
0.0,0.3534699486942897
0.0,0.2591005362202388
0.0,0.31998178939191696
1.0,0.40276236488106715
0.0,0.009727899939669648
0.0,0.2917846800647114
0.0,0.00791042636388425
0.0,0.12906372475958233
1.0,0.35563112806322833
1.0,0.35320240877447395
0.0,0.2907890583619407
0.0,0.22085414182369517
1.0,0.2804758897098124
0.0,0.2532465812829352
0.0,0.260970840955694
0.0,0.256231947522359
0.0,0.16456324663221217
1.0,0.39505010233850224
0.0,0.4262310215410089
0.0,0.2999303597177405
0.0,0.49341240458887514
0.0,0.007318605444798244
0.0,0.005853023584435859
1.0,0.43577110979071765
1.0,0.4865469765338136
1.0,0.4657417507165339
1.0,0.2851658256681964
0.0,0.2840765147995126
0.0,0.3575385018567561
1.0,0.2903267189082805
1.0,0.3125959790432174
0.0,0.3470805039465635
0.0,0.286621997408651
0.0,0.24058429118773947
0.0,0.3463189276023872
1.0,0.42331322259156123
0.0,0.30525381050274386
1.0,0.42308401143147234
1.0,0.3131354449700504
0.0,0.48403516900018584
1.0,0.4167987921891723
0.0,0.4238688441284333
1.0,0.4605248792711609
0.0,0.008176914850348667
0.0,0.5065562941148269
1.0,0.5273947559141237
0.0,0.007876048087817797
1.0,0.395023572222529
0.0,0.004809998979763304
0.0,0.516882241633423
1.0,0.3353411975487417
0.0,0.33536472590131217
0.0,0.2625832816440158
0.0,0.45317753613202516
0.0,0.2636512269986733
1.0,0.5186535752852588
0.0,0.3133314445468961
0.0,0.15641815284110655
0.0,0.5315283047274161
0.0,0.3577016957344826
0.0,0.3920979029433428
0.0,0.004809998979763304
0.0,0.004809998979763304
0.0,0.00791042636388425
1.0,0.5086247663301355
0.0,0.19046269182387873
0.0,0.386321749416254
0.0,0.242281715732674
0.0,0.33560927026117787
0.0,0.495901828744966
0.0,0.2947831670107005
1.0,0.3856409158025668
1.0,0.2285898202072616
0.0,0.47288116659198426
0.0,0.3577016957344826
0.0,0.3773049291690573
1.0,0.32182180941748
0.0,0.007876048087817797
1.0,0.5042950163571603
0.0,0.39061029582423606
0.0,0.29682745972462277
0.0,0.00791042636388425
1.0,0.4936299930719187
0.0,0.5029433208479569
0.0,0.2743574206220313
0.0,0.030620737800890238
1.0,0.43729207337186304
1.0,0.150360270658304
1.0,0.5159576483375653
0.0,0.5274503805245474
0.0,0.34277992894252396
0.0,0.3014369029492235
0.0,0.26588626744054616
1.0,0.34943850356475503
0.0,0.2215657624356496
0.0,0.3517583511186112
1.0,0.3757164829913123
0.0,0.008176914850348667
1.0,0.4492516838758867
0.0,0.3479669301851641
1.0,0.40434166445430525
0.0,0.008176914850348667
0.0,0.2506172672398013
0.0,0.503057995620566
0.0,0.3286595426550713
0.0,0.007876048087817797
1.0,0.3449752541060757
0.0,0.005853023584435859
0.0,0.22868817759042515
0.0,0.3275726370070629
1.0,0.4570488927063388
1.0,0.28285591304906876
0.0,0.008176914850348667
1.0,0.2783992729125829
0.0,0.41092118744888595
0.0,0.25708156719688346
0.0,0.4606447167768423
0.0,0.22868817759042515
0.0,0.1145249656490592
0.0,0.4497135549477534
0.0,0.008176914850348667
0.0,0.4104695743255919
1.0,0.22109592893551389
0.0,0.014367588630656788
0.0,0.43797487719893236
0.0,0.4427805645302229
0.0,0.3878498206406625
1.0,0.46023036402693696
1.0,0.37167888298505064
0.0,0.26606418325837533
0.0,0.3969167209121368
1.0,0.4375850372556486
0.0,0.38974870505664583
0.0,0.44398204312568956
0.0,0.11789263111679621
0.0,0.007876048087817797
0.0,0.22888227684061088
0.0,0.2810515678741079
0.0,0.41041647481940685
1.0,0.41013717832708346
0.0,0.43027716652337444
0.0,0.3146310460914332
0.0,0.4470716591924049
0.0,0.33689971771830257
0.0,0.007876048087817797
0.0,0.005853023584435859
0.0,0.3802074694575845
1.0,0.45493854341712237
0.0,0.3822898409662176
0.0,0.00718292023448617
0.0,0.3217831376291397
1.0,0.2992472694470148
0.0,0.3146310460914332
1.0,0.2769175991241188
0.0,0.3773740416423352
0.0,0.12064853174334729
1.0,0.4902247855861261
0.0,0.11655985070772068
0.0,0.27736830139827123
0.0,0.004809998979763304
0.0,0.38879117431036975
1.0,0.4867508469087085
1.0,0.396999106459155
1.0,0.27846324924426935
1.0,0.2992147314440353
0.0,0.48160472903070123
0.0,0.4561570968340916
0.0,0.2848685926138311
1.0,0.3718262316953425
0.0,0.47672518933308805
0.0,0.2876464008551923
0.0,0.2262709411430586
1.0,0.4043983057584171
0.0,0.43238993139619347
0.0,0.12693541856463206
0.0,0.45685894462612137
0.0,0.26956361643064264
0.0,0.005853023584435859
0.0,0.3660695484151137
0.0,0.005853023584435859
0.0,0.28589835233759214
1.0,0.409189386314772
0.0,0.3577016957344826
1.0,0.28686562887527717
0.0,0.14732186732186733
0.0,0.4159824704513454
1.0,0.45062153767884955
1.0,0.3904353409069148
1.0,0.5140994807661474
0.0,0.35839955473675467
0.0,0.005853023584435859
0.0,0.5217496732681236
0.0,0.31558716054527325
0.0,0.32009520762066646
0.0,0.07921600173733576
0.0,0.2910038394540742
0.0,0.41224430935125933
1.0,0.42390445004593746
0.0,0.00791042636388425
0.0,0.48403516900018584
1.0,0.34436483620963926
1.0,0.4356456019677122
0.0,0.32969739658076697
0.0,0.2980632922849861
1.0,0.48089138555909455
1.0,0.4341788634873496
0.0,0.2844204804439025
1.0,0.2782074106937442
0.0,0.37813493152260597
1.0,0.29437953889284885
0.0,0.41092118744888595
0.0,0.5235969122429192
0.0,0.2561430306901761
0.0,0.2851592239295429
0.0,0.4106846809504193
0.0,0.00791042636388425
0.0,0.005853023584435859
0.0,0.500875759679575
0.0,0.48222383126691293
0.0,0.004809998979763304
0.0,0.409189386314772
1.0,0.2485428155728806
1.0,0.37887250468352285
0.0,0.004809998979763304
1.0,0.11723716592416802
0.0,0.24934759353043423
0.0,0.00718292023448617
1.0,0.4011527035056447
0.0,0.3323668186974258
1.0,0.41454408535439846
0.0,0.43577110979071765
0.0,0.007876048087817797
0.0,0.004809998979763304
0.0,0.35532234660632267
1.0,0.2547762097803998
0.0,0.5174213095420552
0.0,0.059197587895766894
1.0,0.3391950339156955
1.0,0.3097261676455296
1.0,0.4034330085544545
0.0,0.4419501376380399
0.0,0.00791042636388425
1.0,0.5135719835719835
1.0,0.514822579689176
0.0,0.29436307515630633
1.0,0.36364442673356356
1.0,0.5355372680990316
0.0,0.46067596111131437
0.0,0.25057468203506916
0.0,0.406794019431962
0.0,0.008176914850348667
0.0,0.4679000919196997
0.0,0.43201383860746057
1.0,0.45637646607591964
0.0,0.33074618459229654
0.0,0.3104339695566937
0.0,0.44398204312568956
0.0,0.3124245806290515
0.0,0.004809998979763304
0.0,0.00718292023448617
0.0,0.28960524505021634
1.0,0.4922734978968612
1.0,0.2783992729125829
1.0,0.37879220531990376
0.0,0.3582608304704849
1.0,0.3035121603366683
0.0,0.29949323337222195
0.0,0.004809998979763304
0.0,0.44049157575073383
0.0,0.004809998979763304
0.0,0.3963277274127223
0.0,0.3543266510317441
0.0,0.46167467081444497
1.0,0.5077875076653451
1.0,0.27245709182521916
0.0,0.3468648233925219
0.0,0.4366008099342319
0.0,0.2362283967663839
0.0,0.2321516674125586
0.0,0.4381470770501292
0.0,0.2844204804439025
0.0,0.005853023584435859
0.0,0.323671168518992
0.0,0.42021244992036616
0.0,0.2884337955108486
0.0,0.27480706484513134
0.0,0.007876048087817797
0.0,0.2844204804439025
0.0,0.007876048087817797
0.0,0.28285591304906876
0.0,0.24624251716535162
0.0,0.004809998979763304
0.0,0.42941885152453946
0.0,0.41975860538775694
1.0,0.42170317892712117
0.0,0.3263824978114418
0.0,0.004809998979763304
1.0,0.2727307855054245
0.0,0.00791042636388425
0.0,0.531018134269895
0.0,0.008176914850348667
0.0,0.38347912335249146
1.0,0.4118530609967074
0.0,0.29213724661319584
0.0,0.2783992729125829
0.0,0.22828845860054894
1.0,0.2716750042052027
0.0,0.3431212752533723
1.0,0.33823436681592844
0.0,0.43556492518490314
0.0,0.4891001309244094
1.0,0.3842848110041716
1.0,0.35258268195218884
0.0,0.3064434997394445
1.0,0.4965088389700387
0.0,0.007876048087817797
1.0,0.49528958991163197
0.0,0.005853023584435859
0.0,0.005853023584435859
0.0,0.3819985419389037
0.0,0.1253027395397992
0.0,0.315697529090025
0.0,0.2826881106233338
0.0,0.3793480785613506
0.0,0.2721257207248016
1.0,0.30992423271321623
0.0,0.2783992729125829
0.0,0.5641058947685857
1.0,0.3548070690423909
1.0,0.3044950375257022
0.0,0.2783992729125829
0.0,0.35488850260098187
1.0,0.3091155342668996
0.0,0.004809998979763304
0.0,0.007876048087817797
0.0,0.333190644254041
0.0,0.41149202490691106
1.0,0.3748519017103109
1.0,0.3804193140065257
0.0,0.00791042636388425
0.0,0.24964611789093805
0.0,0.076157393424371
1.0,0.4775096352827072
0.0,0.00791042636388425
0.0,0.47920064132138696
0.0,0.5001845807542928
1.0,0.3752602585637004
1.0,0.338090077699074
0.0,0.39466449046535973
0.0,0.005853023584435859
0.0,0.38987239933519685
0.0,0.35115199014209314
1.0,0.3997381665640675
0.0,0.060521887092961045
0.0,0.3795809677854122
1.0,0.3703633489449105
0.0,0.194428696493245
0.0,0.41796501782703505
0.0,0.44398204312568956
1.0,0.495901828744966
1.0,0.37326729635705097
0.0,0.4502155366016991
0.0,0.2792512318777328
0.0,0.1663074333740558
0.0,0.38133998988648743
0.0,0.2828771990789316
0.0,0.004809998979763304
0.0,0.40595959052875885
0.0,0.007876048087817797
0.0,0.37879220531990376
0.0,0.41288780707298856
0.0,0.24392989343443094
0.0,0.2285663391489368
0.0,0.35981649448791153
0.0,0.4470716591924049
0.0,0.3922505619939259
0.0,0.41407305591166566
0.0,0.007876048087817797
1.0,0.40274856052367114
0.0,0.42485973221674816
1.0,0.4846360059984734
0.0,0.27827855856574013
0.0,0.4969152934194882
1.0,0.2812552245628879
1.0,0.37009762756292497
0.0,0.049445036998084384
0.0,0.00791042636388425
1.0,0.40558364633072835
0.0,0.6285693889206168
0.0,0.007876048087817797
1.0,0.3618325701547469
0.0,0.4040819350972677
1.0,0.23030230595868997
1.0,0.34982547739508185
0.0,0.2783992729125829
1.0,0.2884053800945403
1.0,0.2593137133162386
1.0,0.28842865482811963
1.0,0.5135719835719835
1.0,0.38654500278802595
0.0,0.2744863877872277
0.0,0.42162154493994863
0.0,0.24408951985636765
0.0,0.33451870534876965
0.0,0.10368636503057224
1.0,0.40246579707740493
0.0,0.00791042636388425
1.0,0.2292579359302559
1.0,0.37226193316404693
0.0,0.3129974644640158
0.0,0.483408558095358
0.0,0.00791042636388425
0.0,0.2537644497462816
0.0,0.35935298684756783
0.0,0.23030230595868997
1.0,0.40424220920015735
1.0,0.39983482219479705
0.0,0.35692459545606525
0.0,0.30578275477116534
0.0,0.007876048087817797
0.0,0.00791042636388425
0.0,0.3984258989942722
0.0,0.2812926088103406
1.0,0.3540555682247577
0.0,0.4747272389835261
1.0,0.4167055236870669
1.0,0.3175153995350589
1.0,0.44906256527428734
0.0,0.2844204804439025
0.0,0.4909673175705881
0.0,0.395290188713346
1.0,0.48144300144300145
0.0,0.24690778006086575
1.0,0.40390370577324297
1.0,0.26090046936991296
0.0,0.014367588630656788
0.0,0.47557781244244374
0.0,0.32773518499309645
0.0,0.00791042636388425
0.0,0.24518437900214965
1.0,0.41679594330991687
0.0,0.00718292023448617
0.0,0.3067809786296434
0.0,0.3447417098220929
1.0,0.37356110767712564
1.0,0.4970275928739008
1.0,0.4601199039339427
0.0,0.3225370620761166
0.0,0.00791042636388425
0.0,0.3729724062724404
1.0,0.3393010635168312
0.0,0.4470716591924049
0.0,0.33299450725682106
0.0,0.5040026161353577
0.0,0.005853023584435859
0.0,0.44790985237872727
0.0,0.4055368315480932
0.0,0.34568386630466136
0.0,0.007876048087817797
0.0,0.1968662358102154
0.0,0.42390445004593746
0.0,0.38503973635511207
0.0,0.4375925222142082
0.0,0.08850657983748807
0.0,0.2102274190436526
0.0,0.4899387970404268
0.0,0.007876048087817797
0.0,0.45456033543905205
0.0,0.37746911682142803
0.0,0.4182998636831969
0.0,0.23105279537803636
1.0,0.2783992729125829
0.0,0.29437953889284885
1.0,0.5186535752852588
1.0,0.4147039642147729
0.0,0.4026278051639469
0.0,0.2503160785495046
0.0,0.009228917364438906
0.0,0.00791042636388425
0.0,0.317141813465425
0.0,0.007876048087817797
1.0,0.4191343951600906
0.0,0.32621175080325676
0.0,0.39480336073095035
1.0,0.26960619664302754
1.0,0.33823436681592844
0.0,0.31053496511787243
1.0,0.3362120824756934
0.0,0.5186535752852588
1.0,0.28667520864609525
0.0,0.16609834270412968
0.0,0.4011527035056447
1.0,0.43398464013947063
0.0,0.25095323289566296
0.0,0.005853023584435859
0.0,0.004809998979763304
1.0,0.39610384107660485
0.0,0.4023088915535042
1.0,0.37879220531990376
0.0,0.4395749086358107
0.0,0.28036214765050027
0.0,0.32702261290105955
0.0,0.2543291779038493
0.0,0.5186535752852588
0.0,0.3762982488441363
0.0,0.2992269769434369
1.0,0.46167467081444497
0.0,0.38213679046043714
0.0,0.31598416365376775
1.0,0.2569772126313141
1.0,0.25057468203506916
0.0,0.4046462646580533
1.0,0.26515429285753084
0.0,0.38420550402681913
0.0,0.004809998979763304
0.0,0.28690774397622393
0.0,0.008691676363884248
0.0,0.00718292023448617
0.0,0.00791042636388425
0.0,0.302874884143303
0.0,0.49341240458887514
0.0,0.43938662357790004
0.0,0.5047322213372135
0.0,0.41412251880093226
0.0,0.004809998979763304
1.0,0.3021322605165135
1.0,0.32300429386668333
1.0,0.3789407257155736
1.0,0.32830336561127327
0.0,0.2570817885073991
1.0,0.30437882873451605
0.0,0.00791042636388425
0.0,0.28748440048960444
0.0,0.00791042636388425
1.0,0.29437953889284885
1.0,0.4363067243549788
0.0,0.00791042636388425
1.0,0.4786004494107625
1.0,0.4679900810558448
1.0,0.36242496097600857
1.0,0.4063170604567203
1.0,0.3572970393344555
0.0,0.3192278242968623
0.0,0.00791042636388425
1.0,0.25533818539512676
1.0,0.3595564269954348
0.0,0.33834483173305707
0.0,0.45833488956690627
1.0,0.30525381050274386
0.0,0.004809998979763304
0.0,0.3844990083808353
0.0,0.28085242141525574
0.0,0.005853023584435859
1.0,0.44832119548091404
0.0,0.004809998979763304
0.0,0.47289263641881096
0.0,0.47606640784209064
0.0,0.35209497469791623
1.0,0.39761164441965147
0.0,0.3263685439232098
0.0,0.398538279990997
1.0,0.26950598256695757
0.0,0.23026637959816815
0.0,0.2752570750848663
0.0,0.4140567590063113
1.0,0.48144300144300145
0.0,0.4392160779686772
1.0,0.28250206396245103
0.0,0.007876048087817797
1.0,0.44647146728178033
1.0,0.2481830038128127
0.0,0.5332657916043889
1.0,0.35826894314619695
0.0,0.2794258112250312
0.0,0.00718292023448617
0.0,0.41092118744888595
1.0,0.12599536691799773
1.0,0.495901828744966
1.0,0.3224206972119873
0.0,0.00791042636388425
1.0,0.20347369798747175
0.0,0.2498882299266222
0.0,0.007318605444798244
0.0,0.005853023584435859
1.0,0.5280308108739481
1.0,0.44398204312568956
0.0,0.4760178710178711
0.0,0.3276116365025925
0.0,0.007876048087817797
1.0,0.42744191816807847
1.0,0.4154479145523488
0.0,0.004809998979763304
0.0,0.005853023584435859
0.0,0.008312600060660742
0.0,0.2855629164041799
0.0,0.495901828744966
1.0,0.46594864805163205
0.0,0.5261928257500734
0.0,0.36870162994473377
0.0,0.4336159672994211
1.0,0.42480001501065007
0.0,0.005853023584435859
1.0,0.3697663033941132
0.0,0.36110344327633415
1.0,0.36722625182260454
1.0,0.15055071219789665
1.0,0.3115424222244127
0.0,0.42162154493994863
1.0,0.3569000190079972
1.0,0.2543698070583136
0.0,0.3789407257155736
0.0,0.4985467380693742
0.0,0.29125905583968215
0.0,0.2986633476706391
1.0,0.3493541674091984
0.0,0.005853023584435859
1.0,0.22796789598382303
1.0,0.24513984552873044
0.0,0.18759998016696666
0.0,0.005853023584435859
1.0,0.24264190334079755
0.0,0.005853023584435859
0.0,0.2783992729125829
0.0,0.13044636390104597
0.0,0.007876048087817797
1.0,0.43588791819126577
0.0,0.004809998979763304
0.0,0.4710519064031343
0.0,0.43328168563462677
0.0,0.40899265650992767
0.0,0.2809586746739263
0.0,0.495901828744966
1.0,0.29716312384261884
0.0,0.36332099037204596
1.0,0.47697180519693394
0.0,0.490053332849972
0.0,0.3035217589835465
0.0,0.25977758339062257
0.0,0.008176914850348667
1.0,0.36898689992212136
0.0,0.35527131613199414
0.0,0.34771389054297996
0.0,0.3972993140132661
0.0,0.4011595776026307
1.0,0.28512301125356576
1.0,0.4330356534082659
0.0,0.315960996886533
0.0,0.2712130133589104
0.0,0.2716304094850869
1.0,0.4529253316575728
1.0,0.4736386006481988
1.0,0.43328168563462677
1.0,0.49341240458887514
0.0,0.5192763378325361
0.0,0.28897374021695216
1.0,0.46164864997079014
0.0,0.4660763505313767
0.0,0.35416628513366816
0.0,0.004809998979763304
0.0,0.4735916228193643
0.0,0.22868817759042515
1.0,0.495901828744966
0.0,0.004809998979763304
1.0,0.26936721082005544
0.0,0.007876048087817797
0.0,0.00791042636388425
1.0,0.42833427442284594
1.0,0.44085400204537684
0.0,0.35040943781720435
0.0,0.35036387562069693
0.0,0.28714156587480594
1.0,0.2693974994063584
0.0,0.36357260724536034
1.0,0.42606665371847646
1.0,0.3555976147809708
0.0,0.3092103832969074
1.0,0.3659713842866209
1.0,0.570564260100171
0.0,0.005853023584435859
1.0,0.34472578804863646
0.0,0.41454408535439846
1.0,0.3078079125871163
0.0,0.00791042636388425
0.0,0.4220983787850251
0.0,0.384347241648221
0.0,0.4222628608205211
0.0,0.27784481000745814
0.0,0.31830937501832957
0.0,0.00791042636388425
1.0,0.3491693320688272
0.0,0.23999163414653912
1.0,0.1906077744734417
0.0,0.007318605444798244
0.0,0.37398646944633396
1.0,0.3376126077635086
0.0,0.06947200626711147
0.0,0.43328168563462677
0.0,0.007876048087817797
1.0,0.3273642165321491
1.0,0.3073364304496358
1.0,0.4786004494107625
0.0,0.005853023584435859
1.0,0.49376757765940715
0.0,0.3692253215782627
0.0,0.3678947928836595
1.0,0.34480078222624405
0.0,0.00791042636388425
0.0,0.25199464536271066
0.0,0.32452450103257147
0.0,0.008176914850348667
0.0,0.3492788785842609
0.0,0.4710519064031343
0.0,0.21478063139831013
1.0,0.409189386314772
0.0,0.4002228755554166
0.0,0.005853023584435859
0.0,0.005853023584435859
0.0,0.1716133848575577
1.0,0.15753917480238916
0.0,0.3238019146456379
1.0,0.4075683420907778
1.0,0.4800310951361554
0.0,0.34900254517096274
1.0,0.5211955144702873
0.0,0.28999186172776314
1.0,0.489327653563973
0.0,0.37821162558152877
1.0,0.3770830756545043
1.0,0.35378113617675166
0.0,0.26202559465037545
0.0,0.007876048087817797
0.0,0.336585895853957
0.0,0.007876048087817797
0.0,0.37259886071424103
0.0,0.4206870803053063
0.0,0.007876048087817797
1.0,0.5427923902271544
0.0,0.3172377543279723
0.0,0.005853023584435859
0.0,0.28132721215108125
0.0,0.008176914850348667
0.0,0.46267850718052184
1.0,0.3053784207444154
0.0,0.33378508670939405
1.0,0.3004389703937499
1.0,0.42836045392359134
1.0,0.3837609461400939
1.0,0.41092118744888595
0.0,0.2844204804439025
0.0,0.005853023584435859
0.0,0.007876048087817797
1.0,0.3553849008017431
0.0,0.008291989648967768
1.0,0.35640331460786195
1.0,0.25057468203506916
0.0,0.005853023584435859
0.0,0.2301729181681178
0.0,0.384870009416194
0.0,0.3359852924016661
0.0,0.3826837962103848
0.0,0.28385245257990555
1.0,0.3465745996096967
1.0,0.442732732239966
1.0,0.4786004494107625
1.0,0.4323734250806995
1.0,0.3024461039442848
0.0,0.4074298758775473
0.0,0.37879220531990376
0.0,0.3565120064977819
0.0,0.25864561855581375
0.0,0.004809998979763304
0.0,0.005853023584435859
0.0,0.2587452160746853
0.0,0.4400675218232941
1.0,0.25057468203506916
0.0,0.48624678061008536
1.0,0.28873365104859255
0.0,0.4441559657740474
1.0,0.37180602857432926
0.0,0.007876048087817797
0.0,0.33671042014002966
0.0,0.3418676879457439
0.0,0.5254374840564215
0.0,0.2847046035158116
0.0,0.1611455615466596
0.0,0.19046269182387873
1.0,0.29389614116161566
1.0,0.39125601291309037
0.0,0.3382885253857648
0.0,0.5637015873252635
0.0,0.2928279292734615
0.0,0.295043096368203
0.0,0.4015439518601966
0.0,0.1831520627394373
1.0,0.4786417470593307
0.0,0.3442597571953119
0.0,0.4990894594743918
0.0,0.4400181455580454
1.0,0.2978168351836801
0.0,0.005853023584435859
0.0,0.40834986528588724
0.0,0.005853023584435859
0.0,0.4965917980184369
1.0,0.4243852484261019
0.0,0.004809998979763304
0.0,0.3683473072084941
1.0,0.386239659759443
0.0,0.3919323450302254
0.0,0.35155073231382344
0.0,0.4917458053742722
0.0,0.3666903278423286
1.0,0.35379524156653
0.0,0.2783992729125829
1.0,0.36417742157658856
0.0,0.2783896445586543
0.0,0.42189306910225594
1.0,0.4680347133559091
0.0,0.39789233328103757
1.0,0.5688016928536311
0.0,0.38826113962516284
1.0,0.4776292749684023
0.0,0.4621519248054089
0.0,0.31453609402100857
0.0,0.030620737800890238
0.0,0.4012530412454134
0.0,0.3093710754013815
1.0,0.4735060444850465
0.0,0.44324866310160427
0.0,0.2623379350849099
0.0,0.43298497897774146
1.0,0.3617218913177193
0.0,0.44322055760243123
0.0,0.004809998979763304
0.0,0.011759311615232654
0.0,0.3335478659191363
0.0,0.009727899939669648
0.0,0.4842692236704671
0.0,0.3838502477718441
0.0,0.004809998979763304
0.0,0.31179499325538035
0.0,0.005853023584435859
0.0,0.007876048087817797
0.0,0.007876048087817797
1.0,0.5090832261195779
1.0,0.25411683625185055
0.0,0.2844204804439025
0.0,0.4437578034054956
0.0,0.007876048087817797
0.0,0.2990420634224987
0.0,0.4847209191973906
0.0,0.30819749747159086
0.0,0.2783992729125829
0.0,0.38040724034719686
0.0,0.21973007428379573
0.0,0.2783992729125829
1.0,0.4898355741904149
0.0,0.20712520683550398
0.0,0.3467585005095392
1.0,0.16711387941957853
1.0,0.4731994732303561
1.0,0.5283379359218274
0.0,0.4675330566184454
0.0,0.26112377568213274
1.0,0.23422007197945344
1.0,0.44398204312568956
0.0,0.4499097323002342
0.0,0.31639877311679343
0.0,0.35440453782721393
1.0,0.38292269854551586
0.0,0.3084141129545677
1.0,0.36042518184336997
0.0,0.24100764552482526
0.0,0.46342751739006643
1.0,0.3144253412813044
1.0,0.5500390548975519
0.0,0.33879383436452953
0.0,0.4205584344738264
0.0,0.007876048087817797
0.0,0.29437953889284885
0.0,0.2352098540667223
0.0,0.2193181972785435
0.0,0.47205834164648086
0.0,0.29049227716405585
1.0,0.3642177274287165
0.0,0.30949434605687
0.0,0.2844204804439025
0.0,0.004809998979763304
1.0,0.2790608202642243
1.0,0.3136099944364497
1.0,0.26813084486119304
1.0,0.33492135488814434
0.0,0.21799324489491584
1.0,0.4968389055228275
1.0,0.3883918381407358
0.0,0.4863389559529249
1.0,0.41109165065815034
0.0,0.34103828295684235
1.0,0.47779904176878896
0.0,0.005853023584435859
0.0,0.3185380139138126
1.0,0.4254574843896387
1.0,0.49881369708547085
1.0,0.4599212130691679
0.0,0.007876048087817797
0.0,0.3790719645499505
0.0,0.4624983110269265
0.0,0.00791042636388425
